{"type":"FeatureCollection","features":[{"type":"Feature","properties":{"sigla":"AC","name":"Acre"},"geometry":{"type":"MultiPolygon","coordinates":[[[[-73.61,-7.2],[-72.18,-7.72],[-70.58,-8.1],[-68.99,-8.87],[-67.5,-9.52],[-66.62,-9.89],[-66.63,-9.92],[-66.63,-9.94],[-66.65,-9.95],[-66.67,-9.95],[-66.68,-9.96],[-66.69,-9.97],[-66.71,-9.98],[-66.72,-9.98],[-66.73,-9.99],[-66.75,-10],[-66.77,-10.01],[-66.79,-10.02],[-66.8,-10.04],[-66.83,-10.06],[-66.84,-10.08],[-66.86,-10.08],[-66.87,-10.09],[-66.88,-10.11],[-66.9,-10.11],[-66.9,-10.12],[-66.91,-10.13],[-66.92,-10.14],[-66.93,-10.15],[-66.94,-10.16],[-66.95,-10.19],[-66.98,-10.19],[-67,-10.2],[-66.99,-10.22],[-67.01,-10.24],[-67.02,-10.26],[-67.04,-10.26],[-67.05,-10.27],[-67.08,-10.28],[-67.1,-10.29],[-67.13,-10.29],[-67.14,-10.32],[-67.16,-10.33],[-67.19,-10.33],[-67.22,-10.32],[-67.24,-10.32],[-67.26,-10.33],[-67.27,-10.32],[-67.29,-10.32],[-67.31,-10.32],[-67.32,-10.35],[-67.31,-10.37],[-67.33,-10.38],[-67.35,-10.38],[-67.37,-10.38],[-67.39,-10.38],[-67.41,-10.38],[-67.42,-10.4],[-67.42,-10.43],[-67.44,-10.45],[-67.46,-10.46],[-67.5,-10.47],[-67.52,-10.49],[-67.55,-10.49],[-67.57,-10.5],[-67.59,-10.52],[-67.61,-10.55],[-67.63,-10.58],[-67.65,-10.61],[-67.69,-10.65],[-67.72,-10.71],[-67.74,-10.71],[-67.75,-10.7],[-67.76,-10.69],[-67.78,-10.68],[-67.8,-10.67],[-67.81,-10.66],[-67.82,-10.65],[-67.85,-10.65],[-67.88,-10.64],[-67.89,-10.64],[-67.9,-10.65],[-67.91,-10.65],[-67.94,-10.66],[-67.96,-10.65],[-67.98,-10.66],[-68.01,-10.65],[-68.03,-10.66],[-68.05,-10.67],[-68.06,-10.68],[-68.08,-10.69],[-68.09,-10.71],[-68.11,-10.72],[-68.1,-10.74],[-68.11,-10.76],[-68.11,-10.78],[-68.13,-10.8],[-68.15,-10.82],[-68.16,-10.83],[-68.18,-10.85],[-68.2,-10.86],[-68.2,-10.89],[-68.22,-10.91],[-68.23,-10.93],[-68.25,-10.96],[-68.27,-10.98],[-68.28,-10.99],[-68.31,-10.99],[-68.34,-11.01],[-68.37,-11.01],[-68.39,-11.04],[-68.41,-11.04],[-68.43,-11.04],[-68.44,-11.04],[-68.47,-11.05],[-68.5,-11.06],[-68.53,-11.09],[-68.54,-11.11],[-68.73,-11.1],[-68.76,-11.08],[-68.76,-11.06],[-68.76,-11.04],[-68.75,-11.01],[-68.77,-11.01],[-68.78,-11],[-68.8,-11],[-68.8,-11],[-68.83,-11],[-68.84,-10.99],[-68.86,-11.01],[-68.88,-11.01],[-68.9,-11.01],[-68.92,-11.01],[-68.94,-11.01],[-68.95,-11],[-68.98,-10.99],[-68.99,-11.01],[-69.01,-11],[-69.02,-10.99],[-69.03,-10.98],[-69.05,-10.98],[-69.07,-10.97],[-69.08,-10.97],[-69.1,-10.97],[-69.12,-10.98],[-69.14,-10.97],[-69.15,-10.97],[-69.16,-10.96],[-69.19,-10.95],[-69.22,-10.96],[-69.24,-10.95],[-69.26,-10.95],[-69.27,-10.95],[-69.29,-10.95],[-69.3,-10.95],[-69.33,-10.95],[-69.34,-10.95],[-69.36,-10.94],[-69.38,-10.95],[-69.39,-10.94],[-69.4,-10.94],[-69.41,-10.94],[-69.42,-10.93],[-69.45,-10.94],[-69.46,-10.95],[-69.48,-10.95],[-69.5,-10.94],[-69.53,-10.94],[-69.55,-10.95],[-69.57,-10.94],[-69.59,-10.95],[-69.62,-10.95],[-69.64,-10.95],[-69.68,-10.96],[-69.7,-10.97],[-69.72,-10.97],[-69.75,-10.96],[-69.77,-10.93],[-69.81,-10.93],[-69.83,-10.93],[-69.86,-10.93],[-69.87,-10.93],[-69.9,-10.92],[-69.92,-10.93],[-69.95,-10.92],[-69.96,-10.93],[-69.97,-10.94],[-69.99,-10.95],[-70,-10.96],[-70.01,-10.97],[-70.03,-10.97],[-70.04,-10.98],[-70.06,-10.99],[-70.08,-10.99],[-70.1,-11],[-70.11,-11],[-70.12,-11.01],[-70.14,-11.02],[-70.16,-11.04],[-70.18,-11.04],[-70.22,-11.05],[-70.23,-11.05],[-70.26,-11.05],[-70.28,-11.06],[-70.29,-11.06],[-70.33,-11.07],[-70.36,-11.06],[-70.38,-11.05],[-70.4,-11.05],[-70.43,-11.04],[-70.45,-11],[-70.47,-10.98],[-70.49,-10.96],[-70.52,-10.95],[-70.62,-11],[-70.63,-10.08],[-70.62,-9.93],[-70.6,-9.8],[-70.59,-9.78],[-70.55,-9.78],[-70.54,-9.76],[-70.53,-9.74],[-70.53,-9.72],[-70.55,-9.68],[-70.57,-9.66],[-70.59,-9.64],[-70.6,-9.61],[-70.59,-9.59],[-70.59,-9.57],[-70.59,-9.55],[-70.57,-9.56],[-70.56,-9.56],[-70.57,-9.53],[-70.56,-9.54],[-70.55,-9.52],[-70.53,-9.51],[-70.51,-9.49],[-70.51,-9.48],[-70.53,-9.46],[-70.52,-9.47],[-70.5,-9.44],[-70.5,-9.42],[-70.53,-9.43],[-70.53,-9.43],[-70.55,-9.43],[-70.57,-9.43],[-70.6,-9.44],[-70.61,-9.46],[-70.62,-9.47],[-70.63,-9.48],[-70.64,-9.5],[-70.65,-9.51],[-70.68,-9.53],[-70.69,-9.54],[-70.72,-9.55],[-70.74,-9.56],[-70.75,-9.57],[-70.76,-9.59],[-70.77,-9.6],[-70.79,-9.62],[-70.8,-9.64],[-70.81,-9.64],[-70.84,-9.65],[-70.87,-9.66],[-70.88,-9.68],[-70.9,-9.7],[-70.91,-9.73],[-70.95,-9.74],[-70.97,-9.75],[-70.99,-9.8],[-71.02,-9.82],[-71.05,-9.81],[-71.07,-9.83],[-71.14,-9.86],[-71.17,-9.89],[-71.19,-9.93],[-71.24,-9.97],[-71.26,-9.97],[-71.29,-9.99],[-71.34,-9.97],[-71.36,-9.99],[-72.06,-10],[-72.16,-9.97],[-72.17,-9.94],[-72.15,-9.9],[-72.15,-9.87],[-72.16,-9.83],[-72.15,-9.81],[-72.18,-9.78],[-72.21,-9.77],[-72.25,-9.77],[-72.27,-9.75],[-72.27,-9.71],[-72.25,-9.68],[-72.25,-9.65],[-72.26,-9.61],[-72.29,-9.6],[-72.29,-9.54],[-72.31,-9.54],[-72.34,-9.52],[-72.35,-9.5],[-72.38,-9.49],[-72.41,-9.48],[-72.43,-9.48],[-72.45,-9.48],[-72.47,-9.47],[-72.5,-9.48],[-72.53,-9.47],[-72.54,-9.47],[-72.56,-9.47],[-72.58,-9.46],[-72.59,-9.46],[-72.61,-9.45],[-72.63,-9.45],[-72.65,-9.45],[-72.67,-9.44],[-72.69,-9.44],[-72.71,-9.43],[-72.73,-9.41],[-72.74,-9.41],[-73.21,-9.41],[-73.2,-9.39],[-73.16,-9.34],[-73.12,-9.31],[-73.1,-9.3],[-73.1,-9.27],[-73.08,-9.24],[-73.05,-9.23],[-73.02,-9.22],[-73,-9.2],[-73.02,-9.18],[-72.96,-9.15],[-72.94,-9.09],[-72.94,-9.07],[-72.95,-9.03],[-72.95,-9],[-72.96,-8.98],[-72.98,-8.94],[-73.01,-8.91],[-73.03,-8.91],[-73.05,-8.86],[-73.08,-8.83],[-73.1,-8.78],[-73.12,-8.73],[-73.14,-8.69],[-73.17,-8.69],[-73.22,-8.68],[-73.25,-8.64],[-73.26,-8.61],[-73.29,-8.6],[-73.29,-8.57],[-73.28,-8.52],[-73.28,-8.47],[-73.31,-8.48],[-73.36,-8.47],[-73.38,-8.47],[-73.41,-8.42],[-73.44,-8.41],[-73.47,-8.39],[-73.5,-8.38],[-73.52,-8.36],[-73.54,-8.35],[-73.54,-8.3],[-73.54,-8.27],[-73.56,-8.24],[-73.57,-8.22],[-73.59,-8.21],[-73.59,-8.13],[-73.63,-8.06],[-73.63,-8.02],[-73.67,-8.01],[-73.69,-7.97],[-73.72,-7.96],[-73.73,-7.96],[-73.74,-7.96],[-73.75,-7.92],[-73.77,-7.9],[-73.77,-7.86],[-73.72,-7.88],[-73.69,-7.86],[-73.69,-7.82],[-73.68,-7.79],[-73.71,-7.76],[-73.75,-7.73],[-73.78,-7.73],[-73.81,-7.72],[-73.85,-7.68],[-73.88,-7.66],[-73.9,-7.63],[-73.94,-7.6],[-73.95,-7.6],[-73.97,-7.57],[-73.99,-7.55],[-73.98,-7.53],[-73.94,-7.52],[-73.93,-7.46],[-73.96,-7.38],[-73.96,-7.35],[-73.94,-7.36],[-73.91,-7.38],[-73.87,-7.38],[-73.85,-7.35],[-73.83,-7.34],[-73.8,-7.34],[-73.77,-7.33],[-73.76,-7.35],[-73.71,-7.32],[-73.7,-7.29],[-73.71,-7.25],[-73.75,-7.2],[-73.76,-7.19],[-73.78,-7.15],[-73.8,-7.13],[-73.74,-7.14],[-73.61,-7.2]]]]}},{"type":"Feature","properties":{"sigla":"AL","name":"Alagoas"},"geometry":{"type":"MultiPolygon","coordinates":[[[[-35.47,-8.83],[-35.43,-8.84],[-35.4,-8.85],[-35.25,-8.89],[-35.21,-8.89],[-35.15,-8.91],[-35.17,-8.94],[-35.22,-9.02],[-35.23,-9.04],[-35.24,-9.07],[-35.26,-9.09],[-35.28,-9.12],[-35.29,-9.16],[-35.31,-9.19],[-35.32,-9.21],[-35.34,-9.23],[-35.37,-9.28],[-35.39,-9.3],[-35.42,-9.32],[-35.43,-9.32],[-35.46,-9.34],[-35.49,-9.39],[-35.5,-9.42],[-35.52,-9.44],[-35.53,-9.45],[-35.55,-9.48],[-35.57,-9.5],[-35.59,-9.52],[-35.61,-9.54],[-35.64,-9.56],[-35.66,-9.59],[-35.69,-9.62],[-35.69,-9.66],[-35.72,-9.68],[-35.76,-9.68],[-35.79,-9.71],[-35.82,-9.74],[-35.86,-9.79],[-35.88,-9.83],[-35.91,-9.87],[-35.96,-9.94],[-36,-10],[-36.04,-10.07],[-36.09,-10.09],[-36.12,-10.14],[-36.14,-10.16],[-36.17,-10.18],[-36.21,-10.21],[-36.26,-10.26],[-36.3,-10.31],[-36.3,-10.35],[-36.33,-10.39],[-36.35,-10.44],[-36.38,-10.49],[-36.42,-10.44],[-36.49,-10.42],[-36.52,-10.42],[-36.55,-10.42],[-36.57,-10.32],[-36.63,-10.25],[-36.68,-10.27],[-36.75,-10.25],[-36.81,-10.22],[-36.85,-10.18],[-36.89,-10.14],[-36.92,-10.12],[-36.94,-10.09],[-36.96,-10.03],[-36.99,-9.98],[-37.05,-9.99],[-37.23,-9.9],[-37.3,-9.83],[-37.36,-9.79],[-37.55,-9.74],[-37.66,-9.67],[-37.71,-9.63],[-37.78,-9.64],[-37.81,-9.61],[-37.84,-9.58],[-37.99,-9.53],[-38.03,-9.47],[-38.07,-9.45],[-38.13,-9.44],[-38.19,-9.42],[-38.19,-9.39],[-38.22,-9.32],[-38.16,-9.25],[-38.1,-9.18],[-38.05,-9.17],[-38,-9.15],[-37.96,-9.12],[-37.95,-9.09],[-37.89,-9.03],[-37.87,-9.01],[-37.85,-8.98],[-37.83,-8.93],[-37.82,-8.91],[-37.82,-8.89],[-37.78,-8.86],[-37.73,-8.89],[-37.73,-8.91],[-37.7,-8.94],[-37.69,-8.98],[-37.67,-8.99],[-37.64,-9.02],[-37.6,-8.98],[-37.53,-8.96],[-37.49,-8.97],[-37.44,-9.03],[-37.34,-9.08],[-37.31,-9.1],[-37.28,-9.15],[-37.24,-9.2],[-37.23,-9.23],[-37.16,-9.24],[-37.16,-9.28],[-37.11,-9.24],[-37.06,-9.32],[-37.02,-9.32],[-36.95,-9.38],[-36.94,-9.36],[-36.93,-9.32],[-36.87,-9.28],[-36.84,-9.29],[-36.66,-9.31],[-36.64,-9.32],[-36.62,-9.33],[-36.6,-9.34],[-36.58,-9.33],[-36.57,-9.29],[-36.49,-9.24],[-36.46,-9.23],[-36.42,-9.22],[-36.41,-9.22],[-36.37,-9.22],[-36.34,-9.21],[-36.31,-9.18],[-36.29,-9.17],[-36.26,-9.18],[-36.22,-9.17],[-36.25,-9.14],[-36.25,-9.1],[-36.21,-9.07],[-36.19,-9.04],[-36.15,-9.04],[-36.11,-9.01],[-36.13,-8.98],[-36.01,-8.91],[-35.96,-8.9],[-35.93,-8.88],[-35.9,-8.86],[-35.84,-8.87],[-35.81,-8.86],[-35.78,-8.87],[-35.78,-8.9],[-35.75,-8.92],[-35.68,-8.9],[-35.64,-8.88],[-35.6,-8.86],[-35.57,-8.84],[-35.53,-8.83],[-35.5,-8.82],[-35.48,-8.82],[-35.47,-8.83]],[[-35.29,-9.15]]]]}},{"type":"Feature","properties":{"sigla":"AM","name":"Amazonas"},"geometry":{"type":"MultiPolygon","coordinates":[[[[-67.33,2.03],[-67.3,1.92],[-67.28,1.88],[-67.24,1.86],[-67.17,1.86],[-67.1,1.73],[-67.08,1.65],[-67.08,1.59],[-67.07,1.44],[-67.09,1.29],[-67.08,1.2],[-66.32,0.76],[-66.16,0.76],[-66.12,0.75],[-66.08,0.77],[-66.06,0.8],[-65.98,0.81],[-65.95,0.85],[-65.94,0.88],[-65.91,0.89],[-65.87,0.92],[-65.83,0.94],[-65.79,0.95],[-65.77,0.96],[-65.76,0.98],[-65.71,1],[-65.69,0.99],[-65.65,1.01],[-65.63,1],[-65.59,1],[-65.57,0.99],[-65.56,0.98],[-65.54,0.95],[-65.51,0.92],[-65.49,0.88],[-65.51,0.84],[-65.52,0.82],[-65.54,0.78],[-65.57,0.76],[-65.58,0.72],[-65.57,0.69],[-65.53,0.66],[-65.5,0.67],[-65.48,0.69],[-65.44,0.7],[-65.42,0.74],[-65.4,0.75],[-65.4,0.78],[-65.4,0.82],[-65.39,0.84],[-65.37,0.86],[-65.36,0.89],[-65.34,0.91],[-65.28,0.94],[-65.26,0.93],[-65.22,0.93],[-65.18,0.92],[-65.16,0.96],[-65.15,1],[-65.16,1.01],[-65.15,1.05],[-65.15,1.11],[-65.12,1.14],[-65.09,1.15],[-65.06,1.13],[-65.02,1.12],[-64.96,1.19],[-64.97,1.22],[-64.94,1.22],[-64.91,1.24],[-64.89,1.24],[-64.85,1.26],[-64.82,1.3],[-64.79,1.27],[-64.75,1.23],[-64.72,1.25],[-64.7,1.28],[-64.67,1.29],[-64.63,1.32],[-64.58,1.35],[-64.57,1.39],[-64.54,1.42],[-64.52,1.44],[-64.48,1.46],[-64.44,1.47],[-64.41,1.51],[-64.37,1.52],[-64.36,1.48],[-64.38,1.45],[-64.4,1.42],[-64.38,1.39],[-64.35,1.37],[-64.33,1.4],[-64.32,1.44],[-64.3,1.47],[-64.27,1.49],[-64.26,1.5],[-64.2,1.52],[-64.18,1.56],[-64.17,1.58],[-64.13,1.58],[-64.11,1.61],[-64.08,1.65],[-64.07,1.71],[-64.06,1.74],[-64.07,1.78],[-64.06,1.81],[-64.05,1.83],[-64.07,1.86],[-64.06,1.9],[-64.05,1.93],[-64.02,1.96],[-63.99,1.98],[-63.95,1.99],[-63.93,1.99],[-63.91,1.99],[-63.87,1.98],[-63.85,1.97],[-63.82,1.99],[-63.79,1.98],[-63.77,2],[-63.74,2.01],[-63.69,2.04],[-63.66,2.02],[-63.65,2.07],[-63.62,2.1],[-63.6,2.11],[-63.54,2.13],[-63.51,2.11],[-63.47,2.14],[-63.45,2.13],[-63.42,2.13],[-63.39,2.17],[-63.38,2.21],[-63.26,2.16],[-63.14,2.14],[-63.09,2.06],[-62.92,2.03],[-62.72,1.96],[-62.72,1.71],[-62.77,1.66],[-62.78,1.57],[-62.74,1.53],[-62.68,1.45],[-62.62,1.39],[-62.55,1.18],[-62.49,1.09],[-62.48,1.05],[-62.46,1],[-62.47,0.92],[-62.46,0.83],[-62.53,0.71],[-62.53,0.5],[-62.48,0.45],[-62.46,0.39],[-62.47,0.33],[-62.44,0.2],[-62.42,0.08],[-62.35,0.04],[-62.32,-0.04],[-62.32,-0.07],[-62.29,-0.13],[-62.24,-0.18],[-62.25,-0.24],[-62.25,-0.28],[-62.22,-0.31],[-62.19,-0.36],[-62.21,-0.4],[-62.22,-0.42],[-62.28,-0.46],[-62.29,-0.48],[-62.31,-0.51],[-62.31,-0.55],[-62.3,-0.59],[-62.29,-0.62],[-62.31,-0.66],[-62.33,-0.67],[-62.37,-0.69],[-62.38,-0.71],[-62.41,-0.71],[-62.43,-0.69],[-62.49,-0.68],[-62.5,-0.73],[-62.48,-0.79],[-62.45,-0.81],[-62.39,-0.83],[-62.38,-0.87],[-62.36,-0.87],[-62.31,-0.93],[-62.27,-0.95],[-62.21,-0.98],[-62.17,-1.01],[-62.13,-1.04],[-62.1,-1.09],[-62.04,-1.12],[-61.97,-1.24],[-61.91,-1.35],[-61.84,-1.4],[-61.79,-1.38],[-61.65,-1.43],[-61.54,-1.53],[-61.47,-1.55],[-61.53,-1.46],[-61.57,-1.43],[-61.62,-1.39],[-61.6,-1.32],[-61.61,-1.26],[-61.58,-1.19],[-61.57,-1.15],[-61.57,-1.1],[-61.57,-1.07],[-61.55,-1.03],[-61.56,-0.99],[-61.58,-0.93],[-61.55,-0.86],[-61.53,-0.75],[-61.47,-0.68],[-61.43,-0.65],[-61.39,-0.62],[-61.33,-0.6],[-61.23,-0.56],[-61.22,-0.53],[-61.2,-0.51],[-61.13,-0.5],[-61.09,-0.5],[-61.03,-0.55],[-60.96,-0.56],[-60.94,-0.56],[-60.92,-0.61],[-60.86,-0.64],[-60.84,-0.69],[-60.8,-0.74],[-60.77,-0.75],[-60.77,-0.79],[-60.76,-0.82],[-60.75,-0.86],[-60.71,-0.87],[-60.65,-0.88],[-60.62,-0.87],[-60.59,-0.85],[-60.55,-0.87],[-60.52,-0.83],[-60.49,-0.8],[-60.46,-0.77],[-60.42,-0.76],[-60.35,-0.74],[-60.32,-0.72],[-60.31,-0.69],[-60.32,-0.64],[-60.35,-0.62],[-60.38,-0.59],[-60.39,-0.55],[-60.39,-0.49],[-60.34,-0.44],[-60.34,-0.4],[-60.32,-0.35],[-60.3,-0.3],[-60.3,-0.26],[-60.28,-0.21],[-60.26,-0.17],[-60.23,-0.13],[-60.21,-0.07],[-60.17,0],[-60.14,0.05],[-60.12,0.08],[-60.12,0.13],[-60.06,0.16],[-58.89,-0.01],[-58.89,-0.03],[-58.86,-0.08],[-58.88,-0.2],[-58.87,-0.28],[-58.82,-0.37],[-58.79,-0.39],[-58.74,-0.42],[-58.73,-0.47],[-58.71,-0.54],[-58.73,-0.58],[-58.72,-0.64],[-58.71,-0.66],[-58.67,-0.71],[-58.62,-0.74],[-58.59,-0.77],[-58.56,-0.8],[-58.51,-0.83],[-58.48,-0.86],[-58.44,-0.88],[-58.43,-0.95],[-58.41,-0.98],[-58.42,-1.02],[-58.39,-1.04],[-58.36,-1.1],[-58.34,-1.12],[-58.27,-1.13],[-58.19,-1.2],[-58.13,-1.19],[-58.08,-1.15],[-58.02,-1.11],[-57.97,-1.17],[-57.97,-1.23],[-58,-1.33],[-57.98,-1.37],[-57.95,-1.41],[-57.92,-1.42],[-57.84,-1.43],[-57.81,-1.46],[-57.79,-1.49],[-57.77,-1.51],[-57.73,-1.51],[-57.7,-1.55],[-57.67,-1.59],[-57.61,-1.57],[-57.59,-1.6],[-57.52,-1.63],[-57.5,-1.65],[-57.47,-1.68],[-57.43,-1.69],[-57.4,-1.69],[-57.39,-1.72],[-57.33,-1.72],[-57.27,-1.71],[-57.25,-1.7],[-57.22,-1.72],[-57.19,-1.73],[-57.16,-1.72],[-57.16,-1.76],[-57.1,-1.77],[-57.06,-1.82],[-57.05,-1.88],[-56.98,-1.92],[-56.96,-1.96],[-56.88,-1.99],[-56.76,-2.01],[-56.72,-2.06],[-56.76,-2.17],[-56.7,-2.2],[-56.62,-2.2],[-56.6,-2.17],[-56.56,-2.16],[-56.51,-2.14],[-56.44,-2.15],[-56.39,-2.15],[-56.32,-2.14],[-56.3,-2.11],[-56.21,-2.06],[-56.16,-2.04],[-56.1,-2.04],[-56.26,-2.22],[-56.42,-2.35],[-56.45,-2.44],[-56.41,-2.45],[-56.81,-3.33],[-57.55,-4.92],[-58.29,-6.49],[-58.34,-6.55],[-58.46,-6.67],[-58.43,-6.91],[-58.38,-6.97],[-58.29,-7.06],[-58.23,-7.12],[-58.18,-7.18],[-58.14,-7.36],[-58.22,-7.52],[-58.24,-7.65],[-58.28,-7.71],[-58.37,-7.82],[-58.35,-7.94],[-58.32,-8.02],[-58.29,-8.1],[-58.32,-8.15],[-58.32,-8.23],[-58.32,-8.3],[-58.35,-8.35],[-58.35,-8.39],[-58.4,-8.47],[-58.4,-8.53],[-58.39,-8.59],[-58.44,-8.7],[-58.33,-8.72],[-58.42,-8.79],[-59.7,-8.8],[-61.18,-8.8],[-61.62,-8.76],[-61.64,-8.72],[-61.7,-8.71],[-61.74,-8.71],[-61.76,-8.73],[-61.84,-8.73],[-61.86,-8.8],[-61.86,-8.83],[-61.9,-8.87],[-61.98,-8.87],[-62,-8.83],[-62.09,-8.8],[-62.15,-8.72],[-62.16,-8.68],[-62.18,-8.64],[-62.23,-8.59],[-62.29,-8.61],[-62.34,-8.6],[-62.33,-8.55],[-62.35,-8.51],[-62.36,-8.42],[-62.39,-8.38],[-62.45,-8.35],[-62.49,-8.36],[-62.53,-8.38],[-62.54,-8.36],[-62.55,-8.32],[-62.56,-8.28],[-62.58,-8.27],[-62.65,-8.23],[-62.69,-8.17],[-62.68,-8.12],[-62.71,-8.08],[-62.83,-7.99],[-62.87,-7.98],[-63.62,-8.03],[-63.67,-8.09],[-63.69,-8.16],[-63.74,-8.22],[-63.76,-8.29],[-63.84,-8.3],[-63.9,-8.32],[-63.94,-8.35],[-63.95,-8.43],[-63.97,-8.51],[-63.93,-8.56],[-63.97,-8.6],[-63.99,-8.61],[-64.01,-8.64],[-64.02,-8.67],[-64.07,-8.71],[-64.13,-8.72],[-64.15,-8.83],[-64.15,-8.88],[-64.17,-8.96],[-64.33,-8.98],[-64.38,-8.95],[-64.46,-8.98],[-64.55,-8.98],[-64.58,-9],[-64.67,-9.01],[-64.72,-9.01],[-64.79,-8.99],[-64.89,-9.04],[-64.93,-9.12],[-64.93,-9.18],[-64.93,-9.21],[-64.93,-9.24],[-64.95,-9.28],[-65,-9.32],[-65.02,-9.35],[-65.04,-9.37],[-65.05,-9.4],[-65.09,-9.42],[-65.15,-9.44],[-65.18,-9.4],[-65.2,-9.37],[-65.21,-9.3],[-65.29,-9.28],[-65.38,-9.32],[-65.44,-9.31],[-65.45,-9.35],[-65.45,-9.41],[-65.46,-9.47],[-65.5,-9.46],[-65.59,-9.41],[-65.63,-9.43],[-65.67,-9.45],[-65.7,-9.52],[-65.75,-9.56],[-65.79,-9.59],[-65.82,-9.56],[-65.85,-9.52],[-65.9,-9.49],[-65.95,-9.44],[-65.99,-9.41],[-66.06,-9.42],[-66.16,-9.43],[-66.23,-9.43],[-66.27,-9.41],[-66.31,-9.43],[-66.34,-9.42],[-66.41,-9.41],[-66.39,-9.46],[-66.5,-9.63],[-66.55,-9.66],[-66.61,-9.66],[-66.69,-9.73],[-66.77,-9.75],[-67.13,-9.68],[-68.73,-9],[-69.76,-8.47],[-72,-7.77],[-72.66,-7.62],[-73.8,-7.11],[-73.77,-7.08],[-73.73,-7.02],[-73.74,-7],[-73.75,-6.96],[-73.75,-6.93],[-73.74,-6.91],[-73.71,-6.86],[-73.7,-6.84],[-73.67,-6.81],[-73.65,-6.78],[-73.61,-6.74],[-73.56,-6.72],[-73.52,-6.68],[-73.49,-6.67],[-73.47,-6.67],[-73.43,-6.65],[-73.38,-6.63],[-73.36,-6.6],[-73.33,-6.6],[-73.31,-6.59],[-73.27,-6.59],[-73.23,-6.58],[-73.22,-6.57],[-73.2,-6.56],[-73.2,-6.55],[-73.18,-6.53],[-73.16,-6.52],[-73.14,-6.49],[-73.12,-6.46],[-73.12,-6.43],[-73.11,-6.4],[-73.14,-6.37],[-73.15,-6.35],[-73.16,-6.32],[-73.17,-6.29],[-73.19,-6.26],[-73.2,-6.24],[-73.22,-6.21],[-73.25,-6.14],[-73.25,-6.11],[-73.24,-6.08],[-73.22,-6.02],[-73.21,-6],[-73.19,-5.99],[-73.19,-5.95],[-73.17,-5.92],[-73.17,-5.89],[-73.15,-5.86],[-73.12,-5.85],[-73.1,-5.82],[-73.06,-5.79],[-73.04,-5.75],[-73.02,-5.73],[-73,-5.71],[-72.99,-5.69],[-72.98,-5.66],[-72.97,-5.64],[-72.97,-5.59],[-72.95,-5.57],[-72.95,-5.54],[-72.96,-5.48],[-72.95,-5.44],[-72.94,-5.42],[-72.92,-5.38],[-72.91,-5.37],[-72.89,-5.33],[-72.87,-5.3],[-72.86,-5.27],[-72.87,-5.23],[-72.87,-5.2],[-72.88,-5.16],[-72.84,-5.15],[-72.81,-5.11],[-72.78,-5.1],[-72.76,-5.09],[-72.73,-5.07],[-72.71,-5.05],[-72.67,-5.05],[-72.64,-5.05],[-72.61,-5.01],[-72.59,-4.98],[-72.55,-4.96],[-72.53,-4.95],[-72.51,-4.95],[-72.49,-4.94],[-72.47,-4.93],[-72.47,-4.9],[-72.44,-4.91],[-72.42,-4.89],[-72.39,-4.87],[-72.38,-4.84],[-72.37,-4.81],[-72.32,-4.79],[-72.3,-4.78],[-72.27,-4.79],[-72.25,-4.78],[-72.2,-4.76],[-72.18,-4.74],[-72.15,-4.72],[-72.1,-4.7],[-72.08,-4.68],[-72.04,-4.64],[-72.01,-4.64],[-71.99,-4.62],[-71.97,-4.61],[-71.95,-4.58],[-71.93,-4.56],[-71.92,-4.54],[-71.9,-4.54],[-71.89,-4.52],[-71.86,-4.51],[-71.82,-4.5],[-71.78,-4.49],[-71.75,-4.49],[-71.73,-4.5],[-71.7,-4.51],[-71.67,-4.51],[-71.64,-4.5],[-71.61,-4.48],[-71.63,-4.53],[-71.57,-4.51],[-71.54,-4.48],[-71.5,-4.49],[-71.51,-4.47],[-71.48,-4.45],[-71.45,-4.45],[-71.42,-4.47],[-71.39,-4.43],[-71.35,-4.43],[-71.32,-4.44],[-71.32,-4.43],[-71.27,-4.43],[-71.27,-4.38],[-71.23,-4.4],[-71.21,-4.38],[-71.19,-4.41],[-71.16,-4.39],[-71.15,-4.38],[-71.11,-4.4],[-71.08,-4.38],[-71.05,-4.37],[-71.02,-4.39],[-70.99,-4.37],[-70.98,-4.36],[-70.95,-4.38],[-70.93,-4.36],[-70.89,-4.32],[-70.88,-4.29],[-70.87,-4.25],[-70.83,-4.24],[-70.83,-4.2],[-70.78,-4.17],[-70.73,-4.18],[-70.7,-4.19],[-70.67,-4.17],[-70.65,-4.15],[-70.63,-4.13],[-70.63,-4.19],[-70.58,-4.17],[-70.53,-4.14],[-70.52,-4.19],[-70.48,-4.17],[-70.46,-4.16],[-70.44,-4.15],[-70.4,-4.14],[-70.37,-4.16],[-70.33,-4.17],[-70.29,-4.18],[-70.3,-4.24],[-70.3,-4.27],[-70.29,-4.29],[-70.26,-4.3],[-70.24,-4.32],[-70.21,-4.34],[-70.18,-4.36],[-70.15,-4.34],[-70.17,-4.31],[-70.14,-4.28],[-70.11,-4.28],[-70.1,-4.3],[-70.08,-4.32],[-70.04,-4.35],[-70,-4.33],[-69.96,-4.28],[-69.94,-4.22],[-69.84,-3.69],[-69.83,-3.66],[-69.82,-3.59],[-69.75,-3.21],[-69.61,-2.44],[-69.61,-2.4],[-69.6,-2.34],[-69.57,-2.2],[-69.54,-2.05],[-69.52,-1.91],[-69.46,-1.51],[-69.44,-1.45],[-69.43,-1.39],[-69.4,-1.37],[-69.42,-1.27],[-69.43,-1.21],[-69.41,-1.16],[-69.4,-1.13],[-69.43,-1.06],[-69.44,-1.03],[-69.45,-1],[-69.46,-0.97],[-69.49,-0.95],[-69.52,-0.93],[-69.53,-0.87],[-69.56,-0.83],[-69.59,-0.79],[-69.61,-0.76],[-69.61,-0.72],[-69.6,-0.7],[-69.58,-0.67],[-69.57,-0.64],[-69.6,-0.6],[-69.6,-0.55],[-69.61,-0.52],[-69.64,-0.5],[-69.64,-0.48],[-69.68,-0.47],[-69.71,-0.46],[-69.75,-0.43],[-69.77,-0.41],[-69.78,-0.4],[-69.81,-0.38],[-69.84,-0.35],[-69.89,-0.35],[-69.91,-0.34],[-69.94,-0.3],[-69.97,-0.27],[-70,-0.23],[-70.05,-0.19],[-70.04,-0.11],[-70.05,-0.02],[-70.02,0.55],[-69.99,0.56],[-69.96,0.56],[-69.91,0.58],[-69.85,0.58],[-69.81,0.58],[-69.79,0.6],[-69.75,0.62],[-69.72,0.64],[-69.69,0.66],[-69.66,0.67],[-69.61,0.63],[-69.59,0.66],[-69.57,0.68],[-69.53,0.7],[-69.51,0.72],[-69.46,0.72],[-69.43,0.69],[-69.4,0.66],[-69.37,0.63],[-69.34,0.63],[-69.3,0.65],[-69.29,0.61],[-69.28,0.6],[-69.25,0.61],[-69.2,0.62],[-69.17,0.65],[-69.12,0.64],[-69.15,0.71],[-69.19,0.75],[-69.15,0.79],[-69.15,0.81],[-69.15,0.85],[-69.15,0.89],[-69.18,0.92],[-69.16,0.95],[-69.21,0.99],[-69.25,1.05],[-69.28,1.07],[-69.31,1.08],[-69.36,1.09],[-69.39,1.07],[-69.44,1.07],[-69.48,1.09],[-69.53,1.08],[-69.59,1.09],[-69.65,1.1],[-69.71,1.08],[-69.72,1.12],[-69.76,1.11],[-69.81,1.07],[-69.84,1.08],[-69.84,1.58],[-69.8,1.71],[-69.77,1.72],[-69.73,1.75],[-69.68,1.75],[-69.64,1.74],[-69.6,1.76],[-69.56,1.78],[-69.5,1.77],[-69.49,1.77],[-69.47,1.76],[-69.43,1.76],[-69.39,1.73],[-68.5,1.73],[-68.17,1.76],[-68.19,1.79],[-68.24,1.77],[-68.23,1.82],[-68.26,1.86],[-68.22,1.95],[-68.2,1.96],[-68.16,1.98],[-68.13,1.98],[-68.11,1.94],[-68.06,1.9],[-67.97,1.83],[-67.92,1.85],[-67.91,1.88],[-67.86,1.92],[-67.83,1.95],[-67.81,1.98],[-67.72,2.03],[-67.65,2.02],[-67.6,2.06],[-67.55,2.12],[-67.48,2.19],[-67.44,2.22],[-67.39,2.24],[-67.34,2.13],[-67.33,2.07],[-67.33,2.03]]]]}},{"type":"Feature","properties":{"sigla":"AP","name":"Amapá"},"geometry":{"type":"MultiPolygon","coordinates":[[[[-51.18,4.01],[-51.18,3.96],[-51.17,3.94],[-51.12,3.91],[-51.08,3.89],[-51.08,3.85],[-51.08,3.81],[-51.08,3.77],[-51.08,3.74],[-51.09,3.7],[-51.08,3.57],[-51.07,3.49],[-51.08,3.46],[-51.09,3.39],[-51.07,3.33],[-51.05,3.28],[-51.04,3.25],[-51.02,3.21],[-51.03,3.16],[-51.03,3.12],[-51.01,3.04],[-50.99,3],[-50.98,2.93],[-50.94,2.88],[-50.94,2.8],[-50.9,2.78],[-50.9,2.75],[-50.88,2.68],[-50.85,2.64],[-50.84,2.58],[-50.83,2.52],[-50.85,2.5],[-50.83,2.5],[-50.79,2.5],[-50.78,2.48],[-50.76,2.43],[-50.76,2.38],[-50.74,2.35],[-50.74,2.31],[-50.72,2.28],[-50.71,2.23],[-50.68,2.18],[-50.7,2.14],[-50.67,2.15],[-50.49,2.2],[-50.44,2.2],[-50.42,2.18],[-50.39,2.13],[-50.38,2.11],[-50.35,2.09],[-50.35,2.05],[-50.32,2.01],[-50.31,1.97],[-50.23,1.8],[-50.15,1.81],[-50.09,1.79],[-49.91,1.7],[-49.91,1.67],[-49.9,1.63],[-49.89,1.54],[-49.88,1.49],[-49.88,1.45],[-49.88,1.39],[-49.89,1.35],[-49.91,1.31],[-49.9,1.22],[-49.89,1.19],[-49.92,1.14],[-49.94,1.11],[-49.94,1.02],[-49.96,0.97],[-50,0.92],[-50.04,0.86],[-50.05,0.85],[-50.05,0.83],[-50.06,0.8],[-50.07,0.8],[-50.09,0.78],[-50.31,0.68],[-50.48,0.48],[-50.56,0.31],[-50.74,0.13],[-50.97,0.04],[-51,0],[-51.1,-0.09],[-51.27,-0.2],[-51.35,-0.31],[-51.43,-0.47],[-51.57,-0.62],[-51.69,-0.82],[-51.69,-1.01],[-51.78,-1.14],[-51.93,-1.13],[-51.96,-1.17],[-51.97,-1.12],[-51.99,-1.17],[-52.06,-1.19],[-52.1,-1.23],[-52.12,-1.15],[-52.21,-1.13],[-52.33,-1.12],[-52.39,-1.05],[-52.42,-1.03],[-52.44,-0.93],[-52.4,-0.89],[-52.44,-0.83],[-52.51,-0.85],[-52.51,-0.81],[-52.5,-0.75],[-52.51,-0.66],[-52.53,-0.58],[-52.63,-0.59],[-52.68,-0.52],[-52.68,-0.42],[-52.7,-0.37],[-52.72,-0.29],[-52.84,-0.16],[-52.9,-0.15],[-52.97,-0.05],[-52.99,0.04],[-53.02,0.1],[-53.05,0.14],[-53.09,0.2],[-53.14,0.33],[-53.16,0.41],[-53.17,0.49],[-53.15,0.55],[-53.11,0.67],[-53.14,0.69],[-53.18,0.75],[-53.21,0.79],[-53.28,0.84],[-53.36,0.89],[-53.41,0.96],[-53.43,1.02],[-53.45,1.07],[-53.46,1.14],[-53.41,1.15],[-53.42,1.2],[-53.43,1.23],[-53.55,1.23],[-53.55,1.28],[-53.53,1.32],[-53.57,1.34],[-53.65,1.36],[-53.65,1.41],[-53.68,1.38],[-53.71,1.4],[-53.71,1.41],[-53.76,1.41],[-53.79,1.42],[-53.8,1.4],[-53.85,1.4],[-53.88,1.41],[-53.89,1.44],[-53.94,1.44],[-53.93,1.47],[-53.97,1.48],[-54,1.51],[-54.02,1.5],[-54.08,1.49],[-54.08,1.53],[-54.11,1.58],[-54.12,1.59],[-54.13,1.62],[-54.15,1.64],[-54.18,1.66],[-54.2,1.65],[-54.24,1.68],[-54.27,1.69],[-54.28,1.71],[-54.29,1.72],[-54.31,1.73],[-54.32,1.74],[-54.34,1.74],[-54.39,1.75],[-54.42,1.76],[-54.47,1.76],[-54.5,1.75],[-54.52,1.76],[-54.57,1.78],[-54.61,1.78],[-54.65,1.77],[-54.7,1.77],[-54.75,1.79],[-54.73,1.83],[-54.75,1.87],[-54.77,1.91],[-54.76,1.96],[-54.78,2],[-54.81,2.04],[-54.81,2.07],[-54.81,2.12],[-54.8,2.14],[-54.79,2.16],[-54.77,2.19],[-54.79,2.24],[-54.8,2.29],[-54.79,2.31],[-54.87,2.41],[-54.74,2.47],[-54.69,2.37],[-54.19,2.18],[-53.98,2.24],[-53.96,2.24],[-53.94,2.26],[-53.94,2.29],[-53.92,2.29],[-53.91,2.27],[-53.89,2.29],[-53.88,2.32],[-53.86,2.31],[-53.85,2.31],[-53.83,2.31],[-53.82,2.33],[-53.83,2.34],[-53.81,2.34],[-53.8,2.37],[-53.76,2.38],[-53.74,2.37],[-53.74,2.36],[-53.72,2.35],[-53.74,2.33],[-53.75,2.32],[-53.73,2.31],[-53.7,2.31],[-53.69,2.3],[-53.68,2.3],[-53.65,2.29],[-53.63,2.28],[-53.62,2.28],[-53.61,2.29],[-53.59,2.27],[-53.57,2.27],[-53.54,2.26],[-53.52,2.27],[-53.49,2.26],[-53.46,2.26],[-53.46,2.28],[-53.45,2.29],[-53.42,2.29],[-53.4,2.3],[-53.38,2.32],[-53.36,2.34],[-53.34,2.35],[-53.32,2.34],[-53.31,2.32],[-53.28,2.31],[-53.26,2.28],[-53.23,2.28],[-53.24,2.26],[-53.26,2.25],[-53.26,2.23],[-53.28,2.22],[-53.28,2.19],[-53.27,2.17],[-53.27,2.19],[-53.25,2.2],[-53.23,2.2],[-53.21,2.2],[-53.18,2.2],[-53.16,2.21],[-53.12,2.21],[-53.06,2.19],[-53.03,2.17],[-53,2.17],[-52.97,2.16],[-52.95,2.17],[-52.94,2.18],[-52.93,2.19],[-52.9,2.2],[-52.89,2.22],[-52.88,2.24],[-52.87,2.25],[-52.86,2.26],[-52.85,2.28],[-52.84,2.28],[-52.8,2.3],[-52.78,2.31],[-52.77,2.31],[-52.76,2.32],[-52.73,2.33],[-52.7,2.35],[-52.68,2.37],[-52.66,2.39],[-52.65,2.42],[-52.63,2.45],[-52.61,2.45],[-52.6,2.48],[-52.58,2.49],[-52.55,2.52],[-52.56,2.54],[-52.55,2.56],[-52.53,2.58],[-52.55,2.61],[-52.56,2.64],[-52.54,2.65],[-52.53,2.67],[-52.51,2.7],[-52.5,2.72],[-52.49,2.75],[-52.48,2.77],[-52.47,2.8],[-52.45,2.83],[-52.44,2.86],[-52.41,2.89],[-52.38,2.91],[-52.39,2.94],[-52.38,2.97],[-52.37,3.01],[-52.35,3.04],[-52.33,3.07],[-52.34,3.1],[-52.34,3.12],[-52.35,3.13],[-52.34,3.14],[-52.33,3.16],[-52.32,3.18],[-52.31,3.2],[-52.29,3.23],[-52.26,3.26],[-52.24,3.24],[-52.22,3.27],[-52.2,3.3],[-52.19,3.32],[-52.16,3.37],[-52.13,3.42],[-52.11,3.45],[-52.09,3.49],[-52.08,3.51],[-52.06,3.52],[-52.04,3.56],[-52.03,3.58],[-52,3.63],[-51.99,3.66],[-51.98,3.69],[-51.96,3.73],[-51.93,3.73],[-51.92,3.79],[-51.9,3.8],[-51.88,3.81],[-51.83,3.85],[-51.82,3.87],[-51.79,3.9],[-51.78,3.95],[-51.75,4],[-51.71,4],[-51.69,4.02],[-51.65,4.04],[-51.64,4.08],[-51.62,4.14],[-51.6,4.18],[-51.59,4.25],[-51.58,4.27],[-51.57,4.34],[-51.56,4.39],[-51.52,4.44],[-51.43,4.37],[-51.35,4.3],[-51.28,4.22],[-51.23,4.16],[-51.21,4.11],[-51.19,4.07],[-51.18,4.05],[-51.18,4.01]]]]}},{"type":"Feature","properties":{"sigla":"BA","name":"Bahia"},"geometry":{"type":"MultiPolygon","coordinates":[[[[-39.29,-8.56],[-39.27,-8.61],[-39.25,-8.68],[-39.2,-8.71],[-39.15,-8.71],[-38.98,-8.79],[-38.93,-8.8],[-38.81,-8.79],[-38.71,-8.86],[-38.69,-8.95],[-38.61,-8.89],[-38.51,-8.83],[-38.48,-8.9],[-38.52,-8.95],[-38.42,-9.04],[-38.32,-9],[-38.32,-9.07],[-38.32,-9.14],[-38.25,-9.29],[-38.19,-9.39],[-38.18,-9.42],[-38.12,-9.44],[-38.07,-9.45],[-38.01,-9.48],[-38.02,-9.54],[-38.03,-9.57],[-38.04,-9.6],[-38.02,-9.63],[-37.99,-9.64],[-38.02,-9.67],[-38.04,-9.72],[-38.02,-9.79],[-37.97,-9.83],[-37.98,-9.87],[-37.99,-9.92],[-37.94,-9.97],[-37.88,-9.98],[-37.8,-10.11],[-37.78,-10.18],[-37.74,-10.33],[-37.81,-10.37],[-37.83,-10.38],[-37.84,-10.4],[-37.85,-10.42],[-37.82,-10.5],[-37.83,-10.54],[-37.84,-10.55],[-37.83,-10.58],[-38,-10.76],[-38.06,-10.71],[-38.1,-10.71],[-38.15,-10.72],[-38.2,-10.71],[-38.22,-10.75],[-38.24,-10.79],[-38.23,-10.85],[-38.23,-10.9],[-38.21,-10.92],[-38.19,-10.96],[-38.15,-11],[-38.11,-11.01],[-38.1,-11.05],[-38.09,-11.06],[-38.1,-11.1],[-38.07,-11.14],[-38.05,-11.18],[-38,-11.2],[-37.98,-11.2],[-37.99,-11.23],[-37.99,-11.25],[-37.99,-11.26],[-38,-11.3],[-37.99,-11.33],[-38,-11.34],[-37.97,-11.37],[-37.98,-11.39],[-37.96,-11.4],[-37.94,-11.42],[-37.93,-11.4],[-37.91,-11.43],[-37.88,-11.43],[-37.87,-11.44],[-37.85,-11.44],[-37.86,-11.47],[-37.81,-11.49],[-37.79,-11.52],[-37.76,-11.52],[-37.73,-11.55],[-37.7,-11.55],[-37.67,-11.56],[-37.65,-11.52],[-37.62,-11.53],[-37.6,-11.54],[-37.57,-11.55],[-37.52,-11.55],[-37.45,-11.52],[-37.37,-11.46],[-37.35,-11.45],[-37.42,-11.55],[-37.44,-11.61],[-37.48,-11.68],[-37.56,-11.84],[-37.6,-11.94],[-37.67,-12.07],[-37.74,-12.19],[-37.78,-12.25],[-37.92,-12.44],[-37.98,-12.53],[-37.99,-12.56],[-38.03,-12.59],[-38.05,-12.63],[-38.07,-12.65],[-38.12,-12.7],[-38.19,-12.78],[-38.23,-12.83],[-38.28,-12.88],[-38.34,-12.94],[-38.36,-12.95],[-38.4,-12.96],[-38.44,-12.99],[-38.48,-13.01],[-38.5,-13.01],[-38.52,-13.01],[-38.56,-12.93],[-38.61,-12.94],[-38.62,-12.98],[-38.65,-13.03],[-38.7,-13.06],[-38.74,-13.09],[-38.8,-13.14],[-38.83,-13.16],[-38.87,-13.19],[-38.92,-13.21],[-38.95,-13.24],[-38.97,-13.34],[-38.94,-13.39],[-38.92,-13.37],[-38.9,-13.4],[-38.9,-13.43],[-38.89,-13.46],[-38.92,-13.47],[-38.91,-13.49],[-38.92,-13.51],[-38.93,-13.55],[-38.92,-13.58],[-38.91,-13.61],[-38.89,-13.62],[-38.89,-13.66],[-38.92,-13.66],[-38.95,-13.67],[-38.97,-13.68],[-39,-13.74],[-39,-13.78],[-38.98,-13.83],[-38.93,-13.9],[-38.93,-13.93],[-38.93,-13.96],[-38.94,-14],[-38.95,-14.04],[-38.96,-14.08],[-38.97,-14.12],[-38.99,-14.18],[-38.99,-14.21],[-39,-14.26],[-38.98,-14.28],[-38.99,-14.31],[-39,-14.33],[-39.01,-14.39],[-39.02,-14.47],[-39.04,-14.5],[-39.05,-14.56],[-39.06,-14.63],[-39.07,-14.71],[-39.05,-14.78],[-39.03,-14.8],[-39.02,-14.81],[-39.03,-14.88],[-39.02,-14.91],[-39.01,-14.96],[-39,-15.09],[-38.99,-15.25],[-38.99,-15.29],[-38.98,-15.38],[-38.96,-15.45],[-38.94,-15.53],[-38.94,-15.66],[-38.92,-15.71],[-38.9,-15.75],[-38.89,-15.78],[-38.86,-15.83],[-38.86,-15.85],[-38.88,-15.91],[-38.92,-16],[-38.94,-16.07],[-38.95,-16.1],[-38.95,-16.16],[-38.97,-16.2],[-38.99,-16.22],[-39.02,-16.27],[-39.02,-16.3],[-39.01,-16.33],[-39.02,-16.38],[-39.06,-16.43],[-39.06,-16.46],[-39.07,-16.5],[-39.08,-16.55],[-39.09,-16.59],[-39.09,-16.62],[-39.1,-16.66],[-39.1,-16.69],[-39.11,-16.71],[-39.13,-16.74],[-39.13,-16.75],[-39.14,-16.79],[-39.14,-16.87],[-39.11,-16.9],[-39.15,-16.96],[-39.16,-16.99],[-39.17,-17.07],[-39.18,-17.12],[-39.21,-17.15],[-39.21,-17.19],[-39.22,-17.25],[-39.22,-17.32],[-39.19,-17.46],[-39.19,-17.53],[-39.19,-17.57],[-39.18,-17.62],[-39.15,-17.7],[-39.18,-17.74],[-39.21,-17.78],[-39.27,-17.85],[-39.33,-17.89],[-39.37,-17.91],[-39.44,-17.94],[-39.52,-18.04],[-39.55,-18.1],[-39.56,-18.09],[-39.56,-18.12],[-39.62,-18.2],[-39.64,-18.24],[-39.65,-18.29],[-39.66,-18.34],[-39.69,-18.32],[-40.23,-17.95],[-40.23,-17.91],[-40.19,-17.83],[-40.22,-17.8],[-40.22,-17.73],[-40.26,-17.72],[-40.29,-17.7],[-40.3,-17.67],[-40.32,-17.64],[-40.35,-17.64],[-40.38,-17.61],[-40.42,-17.6],[-40.41,-17.57],[-40.47,-17.53],[-40.48,-17.51],[-40.5,-17.48],[-40.55,-17.44],[-40.58,-17.42],[-40.6,-17.38],[-40.59,-17.34],[-40.59,-17.31],[-40.56,-17.29],[-40.57,-17.25],[-40.55,-17.2],[-40.56,-17.13],[-40.57,-17.06],[-40.54,-16.98],[-40.49,-16.88],[-40.44,-16.89],[-40.4,-16.89],[-40.37,-16.87],[-40.32,-16.9],[-40.28,-16.9],[-40.26,-16.86],[-40.26,-16.82],[-40.28,-16.8],[-40.33,-16.79],[-40.31,-16.74],[-40.31,-16.7],[-40.28,-16.6],[-40.25,-16.57],[-40.23,-16.56],[-40.19,-16.57],[-40.16,-16.56],[-40.17,-16.54],[-40.16,-16.52],[-40.11,-16.46],[-40.1,-16.45],[-40.06,-16.43],[-40.04,-16.4],[-40.01,-16.35],[-39.98,-16.32],[-39.95,-16.3],[-39.92,-16.28],[-39.91,-16.22],[-39.88,-16.16],[-39.88,-16.14],[-39.87,-16.1],[-39.89,-16.06],[-39.93,-16.03],[-39.92,-16],[-39.96,-16],[-39.99,-15.99],[-39.99,-16],[-40.01,-15.99],[-40.03,-15.98],[-40.04,-15.97],[-40.06,-15.96],[-40.07,-15.95],[-40.08,-15.93],[-40.07,-15.91],[-40.08,-15.9],[-40.12,-15.9],[-40.15,-15.9],[-40.17,-15.9],[-40.17,-15.87],[-40.2,-15.86],[-40.21,-15.84],[-40.22,-15.83],[-40.22,-15.82],[-40.26,-15.81],[-40.28,-15.81],[-40.32,-15.82],[-40.36,-15.81],[-40.38,-15.81],[-40.4,-15.81],[-40.45,-15.76],[-40.49,-15.77],[-40.52,-15.8],[-40.56,-15.8],[-40.59,-15.76],[-40.61,-15.73],[-40.64,-15.73],[-40.69,-15.69],[-40.74,-15.68],[-40.76,-15.71],[-40.78,-15.68],[-40.83,-15.67],[-40.85,-15.68],[-40.9,-15.69],[-40.93,-15.66],[-40.98,-15.69],[-41.01,-15.71],[-41.08,-15.72],[-41.13,-15.75],[-41.17,-15.76],[-41.25,-15.74],[-41.3,-15.74],[-41.36,-15.5],[-41.79,-15.11],[-41.87,-15.12],[-41.91,-15.16],[-41.95,-15.18],[-42,-15.16],[-42.1,-15.17],[-42.14,-15.13],[-42.17,-15.09],[-42.22,-15.11],[-42.27,-15.12],[-42.29,-15.11],[-42.34,-15.08],[-42.42,-15.07],[-42.48,-15.02],[-42.53,-14.98],[-42.57,-14.95],[-42.6,-14.92],[-42.65,-14.92],[-42.66,-14.92],[-42.7,-14.89],[-42.71,-14.88],[-42.74,-14.87],[-42.84,-14.8],[-42.87,-14.77],[-42.9,-14.76],[-42.91,-14.75],[-42.92,-14.74],[-42.95,-14.71],[-43,-14.7],[-43.05,-14.69],[-43.07,-14.69],[-43.11,-14.67],[-43.14,-14.67],[-43.19,-14.65],[-43.24,-14.66],[-43.3,-14.67],[-43.35,-14.7],[-43.42,-14.72],[-43.45,-14.74],[-43.47,-14.76],[-43.47,-14.79],[-43.5,-14.8],[-43.52,-14.81],[-43.53,-14.79],[-43.59,-14.75],[-43.64,-14.75],[-43.67,-14.73],[-43.69,-14.73],[-43.71,-14.71],[-43.76,-14.7],[-43.79,-14.69],[-43.86,-14.67],[-43.88,-14.65],[-43.88,-14.64],[-43.88,-14.63],[-43.88,-14.59],[-43.89,-14.58],[-43.84,-14.46],[-43.78,-14.34],[-43.81,-14.33],[-43.82,-14.32],[-43.84,-14.32],[-43.86,-14.32],[-43.87,-14.31],[-43.89,-14.3],[-43.91,-14.3],[-43.92,-14.3],[-43.94,-14.3],[-43.95,-14.29],[-43.98,-14.28],[-44.01,-14.27],[-44.04,-14.28],[-44.06,-14.28],[-44.08,-14.28],[-44.09,-14.27],[-44.11,-14.27],[-44.14,-14.28],[-44.16,-14.26],[-44.2,-14.25],[-44.24,-14.24],[-44.25,-14.25],[-44.27,-14.25],[-44.29,-14.25],[-44.34,-14.26],[-44.35,-14.26],[-44.37,-14.27],[-44.39,-14.28],[-44.41,-14.28],[-44.47,-14.31],[-44.48,-14.32],[-44.51,-14.33],[-44.53,-14.33],[-44.56,-14.34],[-44.57,-14.35],[-44.6,-14.37],[-44.63,-14.38],[-44.64,-14.4],[-44.66,-14.41],[-44.67,-14.42],[-44.7,-14.43],[-44.71,-14.44],[-44.74,-14.47],[-44.76,-14.47],[-44.78,-14.48],[-44.79,-14.5],[-44.81,-14.5],[-44.83,-14.52],[-44.83,-14.53],[-44.85,-14.56],[-44.85,-14.57],[-44.86,-14.58],[-44.89,-14.6],[-44.92,-14.61],[-44.94,-14.63],[-44.96,-14.63],[-44.98,-14.65],[-45.01,-14.67],[-45.05,-14.69],[-45.13,-14.75],[-45.17,-14.74],[-45.19,-14.75],[-45.24,-14.79],[-45.26,-14.8],[-45.29,-14.82],[-45.3,-14.83],[-45.31,-14.85],[-45.35,-14.87],[-45.37,-14.88],[-45.42,-14.92],[-45.45,-14.94],[-45.5,-14.95],[-45.55,-14.94],[-45.59,-14.98],[-45.6,-14.99],[-45.62,-15.02],[-45.66,-15.04],[-45.69,-15.09],[-45.71,-15.09],[-45.72,-15.1],[-45.76,-15.12],[-45.82,-15.12],[-45.83,-15.14],[-45.87,-15.16],[-45.97,-15.17],[-45.99,-15.2],[-46.03,-15.21],[-46.04,-15.23],[-46.08,-15.25],[-46.1,-15.23],[-46.09,-15.18],[-46.06,-15.17],[-46.04,-15.12],[-45.98,-15.04],[-45.97,-14.95],[-46,-14.9],[-46.05,-14.83],[-46.01,-14.78],[-46.01,-14.74],[-46,-14.71],[-46.02,-14.67],[-46.01,-14.66],[-45.99,-14.61],[-45.99,-14.57],[-45.99,-14.55],[-45.98,-14.53],[-46,-14.5],[-46.02,-14.47],[-46.02,-14.42],[-45.96,-14.42],[-45.92,-14.38],[-45.93,-14.35],[-45.96,-14.3],[-45.99,-14.27],[-46.03,-14.26],[-46.06,-14.23],[-46.1,-14.21],[-46.12,-14.16],[-46.2,-14.14],[-46.24,-14.11],[-46.24,-14.09],[-46.23,-14.05],[-46.22,-14],[-46.26,-13.94],[-46.25,-13.83],[-46.27,-13.8],[-46.23,-13.77],[-46.26,-13.73],[-46.24,-13.71],[-46.24,-13.66],[-46.18,-13.57],[-46.23,-13.54],[-46.22,-13.49],[-46.21,-13.46],[-46.24,-13.43],[-46.18,-13.39],[-46.14,-13.38],[-46.11,-13.36],[-46.05,-13.31],[-46.04,-13.27],[-46.13,-13.29],[-46.27,-13.35],[-46.29,-13.31],[-46.3,-13.27],[-46.33,-13.25],[-46.31,-13.21],[-46.3,-13.17],[-46.3,-13.13],[-46.32,-13.1],[-46.29,-13.05],[-46.28,-13.03],[-46.24,-13],[-46.2,-13],[-46.17,-12.98],[-46.13,-12.96],[-46.2,-12.92],[-46.3,-12.95],[-46.28,-12.88],[-46.27,-12.81],[-46.28,-12.77],[-46.26,-12.72],[-46.28,-12.67],[-46.29,-12.63],[-46.23,-12.54],[-46.16,-12.52],[-46.23,-12.5],[-46.25,-12.45],[-46.28,-12.41],[-46.29,-12.38],[-46.33,-12.34],[-46.34,-12.31],[-46.35,-12.3],[-46.37,-12.26],[-46.37,-12.21],[-46.38,-12.18],[-46.38,-12.16],[-46.37,-12.1],[-46.38,-12.07],[-46.4,-12.03],[-46.36,-11.98],[-46.21,-11.93],[-46.19,-11.88],[-46.27,-11.89],[-46.35,-11.88],[-46.36,-11.84],[-46.34,-11.82],[-46.32,-11.78],[-46.37,-11.75],[-46.29,-11.68],[-46.29,-11.63],[-46.18,-11.65],[-46.13,-11.65],[-46.09,-11.62],[-46.19,-11.61],[-46.26,-11.56],[-46.36,-11.54],[-46.45,-11.51],[-46.49,-11.5],[-46.53,-11.44],[-46.56,-11.38],[-46.61,-11.31],[-46.6,-11.25],[-46.45,-11.16],[-46.4,-10.99],[-46.32,-10.93],[-46.3,-10.87],[-46.23,-10.79],[-46.2,-10.73],[-46.19,-10.63],[-46.13,-10.62],[-46.06,-10.59],[-46.01,-10.54],[-45.96,-10.51],[-45.86,-10.44],[-45.83,-10.4],[-45.75,-10.35],[-45.71,-10.27],[-45.72,-10.17],[-45.69,-10.15],[-45.6,-10.11],[-45.57,-10.18],[-45.52,-10.25],[-45.49,-10.3],[-45.43,-10.37],[-45.4,-10.45],[-45.44,-10.53],[-45.43,-10.63],[-45.36,-10.73],[-45.26,-10.81],[-45.22,-10.83],[-45.12,-10.84],[-45.07,-10.84],[-44.97,-10.89],[-44.9,-10.9],[-44.85,-10.88],[-44.82,-10.88],[-44.78,-10.81],[-44.71,-10.76],[-44.66,-10.73],[-44.64,-10.68],[-44.58,-10.63],[-44.48,-10.64],[-44.4,-10.61],[-44.32,-10.56],[-44.26,-10.62],[-44.18,-10.63],[-44.13,-10.63],[-44.08,-10.59],[-44.04,-10.49],[-44.02,-10.4],[-43.94,-10.43],[-43.91,-10.38],[-43.85,-10.32],[-43.84,-10.27],[-43.77,-10.11],[-43.73,-10.07],[-43.66,-10],[-43.7,-9.97],[-43.71,-9.92],[-43.68,-9.89],[-43.65,-9.84],[-43.7,-9.81],[-43.76,-9.78],[-43.79,-9.71],[-43.84,-9.63],[-43.84,-9.59],[-43.8,-9.48],[-43.75,-9.43],[-43.56,-9.31],[-43.49,-9.27],[-43.4,-9.3],[-43.31,-9.39],[-43.28,-9.42],[-43.24,-9.41],[-43.2,-9.42],[-43.15,-9.38],[-43.12,-9.37],[-43.08,-9.4],[-43.06,-9.42],[-43,-9.41],[-42.96,-9.43],[-42.96,-9.47],[-42.93,-9.53],[-42.87,-9.56],[-42.83,-9.58],[-42.81,-9.62],[-42.74,-9.58],[-42.72,-9.55],[-42.65,-9.54],[-42.59,-9.5],[-42.55,-9.5],[-42.49,-9.46],[-42.43,-9.44],[-42.36,-9.37],[-42.32,-9.32],[-42.23,-9.29],[-42.18,-9.28],[-42.03,-9.26],[-41.96,-9.26],[-41.91,-9.27],[-41.87,-9.24],[-41.8,-9.16],[-41.73,-9.09],[-41.72,-9.01],[-41.65,-8.99],[-41.61,-8.97],[-41.57,-8.96],[-41.53,-8.93],[-41.51,-8.88],[-41.49,-8.84],[-41.43,-8.8],[-41.39,-8.72],[-41.35,-8.72],[-41.28,-8.74],[-41.24,-8.71],[-41.19,-8.71],[-41.17,-8.71],[-41.12,-8.72],[-41.12,-8.75],[-41.11,-8.77],[-41.07,-8.78],[-41.04,-8.78],[-41.01,-8.83],[-40.97,-8.83],[-40.92,-8.84],[-40.89,-8.89],[-40.86,-8.95],[-40.84,-9],[-40.82,-9.05],[-40.81,-9.08],[-40.78,-9.1],[-40.75,-9.12],[-40.67,-9.16],[-40.68,-9.21],[-40.68,-9.26],[-40.72,-9.3],[-40.75,-9.31],[-40.74,-9.35],[-40.74,-9.38],[-40.76,-9.43],[-40.72,-9.45],[-40.56,-9.46],[-40.51,-9.41],[-40.48,-9.42],[-40.42,-9.35],[-40.33,-9.35],[-40.29,-9.18],[-40.23,-9.05],[-40.16,-9.11],[-40.02,-9.06],[-39.9,-8.98],[-39.9,-8.85],[-39.81,-8.82],[-39.69,-8.8],[-39.67,-8.75],[-39.69,-8.66],[-39.62,-8.66],[-39.56,-8.63],[-39.52,-8.6],[-39.44,-8.56],[-39.41,-8.54],[-39.3,-8.56],[-39.29,-8.56]],[[-39.58,-18.09]]]]}},{"type":"Feature","properties":{"sigla":"CE","name":"Ceará"},"geometry":{"type":"MultiPolygon","coordinates":[[[[-40.02,-2.84],[-39.98,-2.85],[-39.99,-2.84],[-39.94,-2.86],[-39.91,-2.88],[-39.89,-2.88],[-39.81,-2.94],[-39.76,-2.97],[-39.72,-2.99],[-39.69,-2.99],[-39.65,-3.02],[-39.62,-3.03],[-39.58,-3.07],[-39.54,-3.09],[-39.49,-3.12],[-39.46,-3.14],[-39.43,-3.15],[-39.38,-3.18],[-39.31,-3.21],[-39.26,-3.22],[-39.17,-3.32],[-39.15,-3.34],[-39.11,-3.35],[-39.09,-3.38],[-39.07,-3.4],[-39.03,-3.41],[-38.99,-3.4],[-38.94,-3.45],[-38.91,-3.5],[-38.85,-3.54],[-38.82,-3.54],[-38.79,-3.57],[-38.74,-3.62],[-38.71,-3.63],[-38.64,-3.69],[-38.59,-3.69],[-38.57,-3.7],[-38.53,-3.72],[-38.5,-3.72],[-38.47,-3.71],[-38.44,-3.77],[-38.41,-3.81],[-38.36,-3.88],[-38.32,-3.92],[-38.3,-3.94],[-38.27,-3.95],[-38.22,-4.01],[-38.19,-4.04],[-38.14,-4.11],[-38.1,-4.16],[-38.05,-4.21],[-38,-4.25],[-37.97,-4.28],[-37.89,-4.35],[-37.85,-4.38],[-37.8,-4.4],[-37.76,-4.42],[-37.75,-4.44],[-37.72,-4.5],[-37.7,-4.52],[-37.63,-4.6],[-37.59,-4.63],[-37.54,-4.64],[-37.49,-4.63],[-37.45,-4.66],[-37.4,-4.68],[-37.36,-4.69],[-37.33,-4.7],[-37.29,-4.74],[-37.27,-4.8],[-37.36,-4.86],[-37.64,-4.93],[-37.72,-5.07],[-37.79,-5.22],[-37.79,-5.26],[-37.81,-5.32],[-37.86,-5.4],[-37.89,-5.48],[-37.9,-5.5],[-37.95,-5.54],[-38.01,-5.59],[-38.08,-5.66],[-38.09,-5.73],[-38.05,-5.74],[-38.1,-5.81],[-38.14,-5.9],[-38.16,-5.93],[-38.18,-5.95],[-38.24,-6],[-38.26,-6.05],[-38.29,-6.07],[-38.35,-6.07],[-38.37,-6.08],[-38.39,-6.06],[-38.4,-6.05],[-38.44,-6.1],[-38.48,-6.14],[-38.53,-6.19],[-38.54,-6.25],[-38.57,-6.29],[-38.58,-6.32],[-38.56,-6.36],[-38.58,-6.37],[-38.59,-6.4],[-38.55,-6.4],[-38.52,-6.41],[-38.55,-6.44],[-38.59,-6.5],[-38.62,-6.53],[-38.63,-6.56],[-38.63,-6.59],[-38.65,-6.63],[-38.65,-6.65],[-38.66,-6.68],[-38.66,-6.72],[-38.65,-6.75],[-38.63,-6.78],[-38.63,-6.79],[-38.65,-6.81],[-38.67,-6.84],[-38.69,-6.87],[-38.72,-6.89],[-38.74,-6.9],[-38.76,-6.92],[-38.76,-6.94],[-38.74,-6.97],[-38.76,-7],[-38.71,-7.02],[-38.67,-7.05],[-38.67,-7.08],[-38.67,-7.16],[-38.65,-7.18],[-38.62,-7.2],[-38.61,-7.24],[-38.58,-7.25],[-38.55,-7.26],[-38.54,-7.31],[-38.56,-7.36],[-38.59,-7.4],[-38.6,-7.44],[-38.64,-7.46],[-38.65,-7.5],[-38.65,-7.53],[-38.65,-7.55],[-38.68,-7.58],[-38.71,-7.59],[-38.73,-7.63],[-38.74,-7.66],[-38.78,-7.67],[-38.82,-7.68],[-38.85,-7.72],[-38.88,-7.75],[-38.92,-7.75],[-38.94,-7.76],[-38.95,-7.81],[-38.96,-7.84],[-39,-7.84],[-39.05,-7.82],[-39.09,-7.84],[-39.1,-7.79],[-39.15,-7.72],[-39.22,-7.7],[-39.25,-7.7],[-39.26,-7.67],[-39.31,-7.66],[-39.3,-7.62],[-39.29,-7.6],[-39.32,-7.55],[-39.36,-7.5],[-39.42,-7.47],[-39.5,-7.42],[-39.61,-7.34],[-39.66,-7.31],[-39.83,-7.33],[-39.89,-7.34],[-39.96,-7.39],[-40.02,-7.4],[-40.28,-7.39],[-40.55,-7.39],[-40.51,-7.31],[-40.49,-7.18],[-40.49,-7.12],[-40.44,-7.06],[-40.43,-7.02],[-40.41,-7],[-40.42,-6.93],[-40.42,-6.86],[-40.37,-6.81],[-40.42,-6.81],[-40.45,-6.78],[-40.48,-6.73],[-40.65,-6.68],[-40.75,-6.57],[-40.79,-6.5],[-40.8,-6.39],[-40.78,-6.32],[-40.85,-6.2],[-40.88,-6.05],[-40.9,-6.02],[-40.9,-5.9],[-40.91,-5.83],[-40.93,-5.71],[-40.91,-5.66],[-40.91,-5.59],[-40.94,-5.53],[-40.93,-5.49],[-40.93,-5.44],[-40.92,-5.42],[-40.93,-5.38],[-40.92,-5.34],[-40.91,-5.31],[-40.92,-5.29],[-40.92,-5.26],[-40.94,-5.24],[-40.93,-5.21],[-40.93,-5.17],[-40.97,-5.15],[-41.01,-5.11],[-41.04,-5.09],[-41.08,-5.08],[-41.1,-5.05],[-41.14,-5],[-41.15,-4.99],[-41.21,-4.94],[-41.24,-4.88],[-41.24,-4.82],[-41.21,-4.78],[-41.25,-4.76],[-41.21,-4.71],[-41.19,-4.65],[-41.23,-4.62],[-41.24,-4.57],[-41.21,-4.55],[-41.19,-4.5],[-41.18,-4.44],[-41.12,-4.33],[-41.1,-4.18],[-41.13,-4.14],[-41.14,-4.12],[-41.11,-4.04],[-41.17,-4.03],[-41.2,-4.02],[-41.25,-4.04],[-41.25,-3.99],[-41.23,-3.97],[-41.23,-3.91],[-41.26,-3.86],[-41.28,-3.83],[-41.3,-3.83],[-41.26,-3.75],[-41.24,-3.71],[-41.31,-3.68],[-41.34,-3.68],[-41.37,-3.57],[-41.33,-3.54],[-41.3,-3.49],[-41.33,-3.48],[-41.34,-3.42],[-41.39,-3.4],[-41.41,-3.37],[-41.4,-3.33],[-41.39,-3.29],[-41.29,-3.11],[-41.26,-3.08],[-41.26,-3.04],[-41.26,-3.01],[-41.29,-2.97],[-41.32,-2.92],[-41.26,-2.88],[-41.19,-2.89],[-41.1,-2.9],[-41.07,-2.9],[-40.96,-2.88],[-40.92,-2.87],[-40.88,-2.86],[-40.86,-2.86],[-40.83,-2.88],[-40.78,-2.86],[-40.74,-2.85],[-40.66,-2.85],[-40.59,-2.84],[-40.53,-2.82],[-40.51,-2.79],[-40.45,-2.81],[-40.39,-2.81],[-40.29,-2.81],[-40.24,-2.81],[-40.2,-2.81],[-40.13,-2.83],[-40.1,-2.83],[-40.06,-2.84],[-40.02,-2.84]]],[[[-40.02,-2.83]]]]}},{"type":"Feature","properties":{"sigla":"ES","name":"Espírito Santo"},"geometry":{"type":"MultiPolygon","coordinates":[[[[-40.72,-20.84],[-40.76,-20.86],[-40.76,-20.89],[-40.78,-20.91],[-40.81,-20.97],[-40.81,-21],[-40.82,-21.04],[-40.85,-21.12],[-40.88,-21.15],[-40.91,-21.17],[-40.95,-21.22],[-40.96,-21.26],[-40.96,-21.29],[-40.97,-21.29],[-40.99,-21.29],[-41.02,-21.25],[-41.07,-21.23],[-41.1,-21.22],[-41.14,-21.23],[-41.18,-21.24],[-41.19,-21.24],[-41.2,-21.24],[-41.22,-21.23],[-41.26,-21.23],[-41.27,-21.24],[-41.3,-21.23],[-41.32,-21.22],[-41.33,-21.21],[-41.38,-21.2],[-41.4,-21.2],[-41.41,-21.2],[-41.45,-21.21],[-41.49,-21.18],[-41.51,-21.18],[-41.57,-21.18],[-41.6,-21.15],[-41.65,-21.14],[-41.66,-21.12],[-41.68,-21.12],[-41.72,-21.12],[-41.72,-21.1],[-41.72,-21.07],[-41.72,-21.05],[-41.72,-21.02],[-41.71,-20.99],[-41.72,-20.95],[-41.72,-20.9],[-41.71,-20.87],[-41.74,-20.84],[-41.74,-20.82],[-41.76,-20.81],[-41.8,-20.8],[-41.81,-20.8],[-41.85,-20.77],[-41.88,-20.76],[-41.86,-20.72],[-41.86,-20.71],[-41.85,-20.69],[-41.83,-20.66],[-41.81,-20.64],[-41.83,-20.62],[-41.85,-20.61],[-41.82,-20.55],[-41.81,-20.51],[-41.8,-20.48],[-41.83,-20.41],[-41.85,-20.35],[-41.83,-20.32],[-41.81,-20.31],[-41.78,-20.28],[-41.77,-20.23],[-41.76,-20.21],[-41.41,-20.21],[-41.37,-20.17],[-41.36,-20.13],[-41.35,-20.1],[-41.33,-20.06],[-41.32,-20.03],[-41.32,-19.97],[-41.29,-19.94],[-41.23,-19.92],[-41.2,-19.9],[-41.18,-19.84],[-41.17,-19.78],[-41.18,-19.74],[-41.18,-19.71],[-41.15,-19.66],[-41.12,-19.64],[-41.09,-19.6],[-41.07,-19.58],[-41.04,-19.55],[-41.05,-19.5],[-40.97,-19.5],[-40.95,-19.47],[-40.96,-19.44],[-40.96,-19.4],[-40.94,-19.36],[-40.91,-19.32],[-40.93,-19.3],[-40.93,-19.27],[-40.93,-19.25],[-40.94,-19.23],[-40.93,-19.2],[-40.94,-19.18],[-40.94,-19.14],[-40.96,-19.12],[-40.98,-19.1],[-41.01,-19.09],[-41.04,-19.07],[-41.06,-19.04],[-41.02,-18.98],[-41.05,-18.97],[-41.07,-18.94],[-41.08,-18.94],[-41.11,-18.92],[-41.13,-18.89],[-41.16,-18.87],[-41.2,-18.86],[-41.23,-18.86],[-41.24,-18.85],[-41.23,-18.8],[-41.12,-18.81],[-41.09,-18.84],[-40.96,-18.84],[-40.94,-18.83],[-40.93,-18.79],[-40.95,-18.68],[-41,-18.67],[-41.03,-18.65],[-41.04,-18.63],[-41.03,-18.53],[-41.18,-18.44],[-41.15,-18.41],[-41.16,-18.38],[-41.15,-18.34],[-41.14,-18.29],[-41.1,-18.24],[-41.1,-18.22],[-41.07,-18.18],[-41.06,-18.17],[-41.03,-18.16],[-40.99,-18.16],[-40.95,-18.15],[-40.94,-18.14],[-40.9,-18.12],[-40.89,-18.12],[-40.86,-18.14],[-40.83,-18.15],[-40.77,-18.16],[-40.89,-17.98],[-40.86,-17.99],[-40.82,-17.96],[-40.79,-17.98],[-40.77,-17.99],[-40.74,-18],[-40.69,-18.01],[-40.67,-18.01],[-40.63,-17.99],[-40.61,-17.94],[-40.58,-17.93],[-40.52,-17.89],[-40.46,-17.93],[-40.42,-17.93],[-40.37,-17.93],[-40.35,-17.92],[-40.31,-17.94],[-40.28,-17.96],[-40.23,-17.98],[-39.69,-18.32],[-39.67,-18.35],[-39.7,-18.42],[-39.73,-18.49],[-39.73,-18.56],[-39.72,-18.6],[-39.75,-18.71],[-39.75,-18.79],[-39.75,-18.89],[-39.73,-18.99],[-39.72,-19.1],[-39.7,-19.21],[-39.69,-19.31],[-39.71,-19.42],[-39.73,-19.46],[-39.76,-19.54],[-39.81,-19.63],[-39.85,-19.66],[-39.9,-19.68],[-39.97,-19.73],[-40.03,-19.78],[-40.06,-19.83],[-40.07,-19.86],[-40.09,-19.89],[-40.09,-19.9],[-40.1,-19.92],[-40.14,-19.95],[-40.14,-19.97],[-40.15,-20],[-40.16,-20.03],[-40.19,-20.06],[-40.17,-20.1],[-40.18,-20.16],[-40.19,-20.2],[-40.22,-20.25],[-40.24,-20.29],[-40.26,-20.27],[-40.29,-20.28],[-40.28,-20.3],[-40.29,-20.31],[-40.29,-20.32],[-40.27,-20.33],[-40.28,-20.33],[-40.3,-20.36],[-40.32,-20.43],[-40.36,-20.51],[-40.38,-20.54],[-40.4,-20.6],[-40.42,-20.64],[-40.45,-20.64],[-40.47,-20.63],[-40.47,-20.65],[-40.49,-20.66],[-40.5,-20.68],[-40.52,-20.72],[-40.53,-20.73],[-40.55,-20.74],[-40.58,-20.78],[-40.58,-20.8],[-40.6,-20.8],[-40.63,-20.84],[-40.63,-20.82],[-40.65,-20.8],[-40.65,-20.79],[-40.66,-20.81],[-40.67,-20.82],[-40.68,-20.83],[-40.72,-20.84]],[[-40.53,-20.66],[-40.5,-20.67],[-40.53,-20.66]],[[-40.54,-20.69],[-40.53,-20.68],[-40.54,-20.69]]],[[[-40.47,-20.66],[-40.47,-20.66]]],[[[-40.72,-20.85]]]]}},{"type":"Feature","properties":{"sigla":"GO","name":"Goiás"},"geometry":{"type":"MultiPolygon","coordinates":[[[[-50.16,-12.41],[-50.2,-12.47],[-50.22,-12.54],[-50.2,-12.56],[-50.23,-12.58],[-50.25,-12.63],[-50.27,-12.66],[-50.28,-12.69],[-50.29,-12.68],[-50.28,-12.72],[-50.3,-12.75],[-50.3,-12.78],[-50.29,-12.84],[-50.27,-12.84],[-50.25,-12.85],[-50.24,-12.86],[-50.21,-12.88],[-50.2,-12.88],[-50.18,-12.89],[-50.15,-12.9],[-50.1,-12.91],[-50.05,-12.93],[-50,-12.93],[-49.95,-12.96],[-49.83,-13.02],[-49.37,-13.27],[-49.35,-13.21],[-49.34,-13.18],[-49.34,-13.12],[-49.32,-13.05],[-49.28,-12.98],[-49.25,-12.92],[-49.23,-12.88],[-49.2,-12.87],[-49.16,-12.83],[-49.12,-12.79],[-49.08,-12.85],[-49.08,-12.88],[-49.08,-12.89],[-49.05,-12.91],[-49,-12.93],[-48.88,-12.82],[-48.86,-12.81],[-48.85,-12.82],[-48.83,-12.85],[-48.81,-12.87],[-48.79,-12.88],[-48.76,-12.91],[-48.74,-12.95],[-48.72,-12.99],[-48.69,-13],[-48.67,-13],[-48.65,-13.01],[-48.61,-13.06],[-48.6,-13.08],[-48.6,-13.11],[-48.58,-13.14],[-48.58,-13.17],[-48.58,-13.21],[-48.6,-13.24],[-48.6,-13.29],[-48.55,-13.28],[-48.55,-13.24],[-48.54,-13.19],[-48.52,-13.14],[-48.48,-13.14],[-48.47,-13.19],[-48.47,-13.22],[-48.46,-13.25],[-48.46,-13.26],[-48.43,-13.28],[-48.41,-13.27],[-48.39,-13.26],[-48.37,-13.26],[-48.35,-13.25],[-48.34,-13.24],[-48.31,-13.23],[-48.29,-13.22],[-48.29,-13.2],[-48.27,-13.2],[-48.24,-13.19],[-48.22,-13.17],[-48.17,-13.15],[-48.15,-13.15],[-48.16,-13.18],[-48.16,-13.23],[-48.16,-13.31],[-48.12,-13.3],[-48.09,-13.29],[-48.08,-13.27],[-48.07,-13.24],[-48.05,-13.26],[-48.03,-13.27],[-47.98,-13.29],[-47.95,-13.31],[-47.92,-13.29],[-47.89,-13.31],[-47.86,-13.31],[-47.8,-13.33],[-47.66,-13.43],[-47.64,-13.39],[-47.65,-13.35],[-47.66,-13.3],[-47.65,-13.24],[-47.66,-13.22],[-47.66,-13.2],[-47.66,-13.19],[-47.66,-13.16],[-47.65,-13.14],[-47.65,-13.12],[-47.62,-13.1],[-47.56,-13.18],[-47.51,-13.19],[-47.49,-13.21],[-47.43,-13.24],[-47.43,-13.29],[-47.39,-13.24],[-47.35,-13.25],[-47.31,-13.25],[-47.28,-13.26],[-47.25,-13.23],[-47.22,-13.19],[-47.18,-13.2],[-47.13,-13.2],[-47.11,-13.17],[-47.1,-13.17],[-47.08,-13.17],[-47.06,-13.16],[-47.04,-13.15],[-47.01,-13.14],[-46.99,-13.12],[-46.95,-13.1],[-46.92,-13.08],[-46.88,-13.06],[-46.85,-13.06],[-46.85,-13.05],[-46.82,-13.01],[-46.51,-12.97],[-46.44,-12.94],[-46.41,-12.84],[-46.4,-12.85],[-46.37,-12.86],[-46.37,-12.89],[-46.37,-12.91],[-46.37,-12.97],[-46.33,-12.98],[-46.28,-12.97],[-46.19,-12.95],[-46.12,-12.93],[-46.14,-12.97],[-46.18,-12.98],[-46.23,-13],[-46.25,-13.01],[-46.28,-13.03],[-46.3,-13.06],[-46.31,-13.11],[-46.29,-13.15],[-46.3,-13.18],[-46.31,-13.22],[-46.3,-13.25],[-46.32,-13.3],[-46.27,-13.35],[-46.21,-13.32],[-46.12,-13.28],[-46.05,-13.31],[-46.09,-13.33],[-46.13,-13.37],[-46.15,-13.38],[-46.22,-13.41],[-46.23,-13.43],[-46.23,-13.48],[-46.23,-13.51],[-46.23,-13.57],[-46.16,-13.59],[-46.26,-13.69],[-46.24,-13.72],[-46.25,-13.75],[-46.27,-13.79],[-46.27,-13.82],[-46.23,-13.85],[-46.22,-13.97],[-46.21,-14.01],[-46.23,-14.06],[-46.25,-14.09],[-46.2,-14.12],[-46.15,-14.16],[-46.12,-14.19],[-46.06,-14.19],[-46.04,-14.24],[-46.01,-14.26],[-45.98,-14.28],[-45.95,-14.33],[-45.91,-14.35],[-45.93,-14.41],[-46,-14.43],[-46,-14.45],[-46,-14.49],[-46,-14.52],[-45.99,-14.54],[-45.99,-14.56],[-45.99,-14.59],[-45.99,-14.65],[-46.02,-14.66],[-46.02,-14.69],[-46.01,-14.73],[-46.01,-14.77],[-46.02,-14.82],[-46.04,-14.87],[-46.07,-14.91],[-46.12,-14.92],[-46.16,-14.91],[-46.21,-14.94],[-46.24,-14.92],[-46.29,-14.92],[-46.32,-14.88],[-46.32,-14.85],[-46.33,-14.81],[-46.37,-14.79],[-46.39,-14.78],[-46.45,-14.73],[-46.47,-14.7],[-46.51,-14.72],[-46.54,-14.75],[-46.56,-14.8],[-46.54,-14.83],[-46.54,-14.9],[-46.53,-14.96],[-46.53,-15.01],[-46.53,-15.06],[-46.59,-15.08],[-46.64,-15.09],[-46.75,-15.03],[-46.87,-15.03],[-46.9,-15.09],[-46.92,-15.17],[-46.93,-15.22],[-46.89,-15.26],[-46.85,-15.35],[-46.85,-15.37],[-46.95,-15.56],[-46.85,-15.62],[-46.84,-15.71],[-46.82,-15.81],[-46.81,-15.87],[-46.96,-15.92],[-47.13,-15.94],[-47.13,-15.93],[-47.15,-15.94],[-47.17,-15.96],[-47.19,-15.97],[-47.19,-15.98],[-47.21,-16],[-47.23,-16.01],[-47.25,-16.02],[-47.29,-16.01],[-47.31,-16.04],[-47.32,-16.03],[-47.34,-16.02],[-47.35,-16.01],[-47.37,-15.99],[-47.37,-15.97],[-47.37,-15.94],[-47.36,-15.93],[-47.37,-15.91],[-47.37,-15.86],[-47.37,-15.84],[-47.35,-15.82],[-47.35,-15.8],[-47.33,-15.78],[-47.31,-15.75],[-47.32,-15.72],[-47.32,-15.69],[-47.33,-15.65],[-47.32,-15.59],[-47.37,-15.58],[-47.4,-15.55],[-47.46,-15.5],[-48.05,-15.5],[-48.21,-15.62],[-48.22,-15.71],[-48.23,-15.77],[-48.27,-15.81],[-48.28,-15.87],[-48.28,-15.91],[-48.26,-15.93],[-48.26,-15.96],[-48.27,-16.01],[-48.16,-16.05],[-47.81,-16.05],[-47.43,-16.05],[-47.31,-16.07],[-47.32,-16.09],[-47.33,-16.1],[-47.34,-16.12],[-47.34,-16.15],[-47.34,-16.16],[-47.33,-16.18],[-47.33,-16.2],[-47.33,-16.21],[-47.33,-16.26],[-47.35,-16.29],[-47.37,-16.33],[-47.42,-16.38],[-47.43,-16.43],[-47.45,-16.46],[-47.45,-16.49],[-47.44,-16.54],[-47.43,-16.55],[-47.41,-16.56],[-47.41,-16.57],[-47.4,-16.58],[-47.38,-16.6],[-47.34,-16.59],[-47.34,-16.61],[-47.32,-16.62],[-47.3,-16.63],[-47.29,-16.63],[-47.28,-16.65],[-47.26,-16.66],[-47.26,-16.68],[-47.25,-16.71],[-47.22,-16.73],[-47.23,-16.76],[-47.22,-16.8],[-47.21,-16.82],[-47.21,-16.84],[-47.2,-16.87],[-47.19,-16.89],[-47.19,-16.91],[-47.17,-16.93],[-47.16,-16.94],[-47.15,-16.97],[-47.14,-16.99],[-47.14,-17],[-47.15,-17.02],[-47.16,-17.03],[-47.17,-17.04],[-47.18,-17.03],[-47.19,-17.06],[-47.19,-17.07],[-47.21,-17.07],[-47.23,-17.08],[-47.23,-17.09],[-47.25,-17.1],[-47.27,-17.11],[-47.28,-17.12],[-47.28,-17.13],[-47.3,-17.15],[-47.33,-17.16],[-47.35,-17.18],[-47.36,-17.19],[-47.36,-17.2],[-47.38,-17.22],[-47.39,-17.25],[-47.41,-17.26],[-47.42,-17.27],[-47.42,-17.3],[-47.43,-17.32],[-47.45,-17.34],[-47.46,-17.36],[-47.5,-17.34],[-47.52,-17.36],[-47.53,-17.38],[-47.54,-17.39],[-47.54,-17.41],[-47.53,-17.43],[-47.54,-17.45],[-47.5,-17.49],[-47.48,-17.51],[-47.41,-17.52],[-47.34,-17.53],[-47.31,-17.56],[-47.27,-17.64],[-47.27,-17.67],[-47.3,-17.69],[-47.34,-17.74],[-47.34,-17.77],[-47.35,-17.8],[-47.35,-17.81],[-47.37,-17.83],[-47.36,-17.89],[-47.34,-17.92],[-47.32,-17.96],[-47.32,-17.99],[-47.3,-18.01],[-47.28,-18.04],[-47.3,-18.06],[-47.35,-18.09],[-47.37,-18.11],[-47.39,-18.12],[-47.4,-18.14],[-47.43,-18.14],[-47.45,-18.16],[-47.49,-18.19],[-47.5,-18.19],[-47.53,-18.23],[-47.56,-18.21],[-47.58,-18.23],[-47.6,-18.25],[-47.62,-18.25],[-47.63,-18.3],[-47.63,-18.33],[-47.67,-18.36],[-47.7,-18.38],[-47.74,-18.38],[-47.75,-18.41],[-47.8,-18.42],[-47.83,-18.41],[-47.84,-18.45],[-47.87,-18.45],[-47.87,-18.47],[-47.9,-18.47],[-47.94,-18.49],[-47.96,-18.48],[-47.98,-18.45],[-48.01,-18.44],[-48.06,-18.41],[-48.13,-18.42],[-48.17,-18.37],[-48.23,-18.35],[-48.29,-18.35],[-48.34,-18.37],[-48.41,-18.36],[-48.45,-18.36],[-48.49,-18.35],[-48.55,-18.34],[-48.63,-18.33],[-48.69,-18.35],[-48.74,-18.35],[-48.8,-18.36],[-48.87,-18.33],[-48.92,-18.31],[-48.98,-18.34],[-49,-18.37],[-49.04,-18.38],[-49.1,-18.4],[-49.11,-18.39],[-49.19,-18.42],[-49.2,-18.44],[-49.24,-18.51],[-49.3,-18.57],[-49.37,-18.63],[-49.43,-18.61],[-49.49,-18.5],[-49.55,-18.51],[-49.55,-18.54],[-49.63,-18.55],[-49.64,-18.6],[-49.71,-18.59],[-49.76,-18.61],[-49.79,-18.64],[-49.86,-18.62],[-49.88,-18.61],[-49.96,-18.62],[-50.03,-18.6],[-50.06,-18.65],[-50.22,-18.68],[-50.31,-18.7],[-50.39,-18.82],[-50.44,-18.89],[-50.51,-18.94],[-50.5,-19.03],[-50.54,-19.1],[-50.65,-19.13],[-50.67,-19.16],[-50.74,-19.21],[-50.82,-19.29],[-50.86,-19.39],[-50.84,-19.46],[-50.94,-19.46],[-50.98,-19.42],[-51.01,-19.4],[-51.02,-19.39],[-51.04,-19.35],[-51.07,-19.33],[-51.09,-19.31],[-51.13,-19.3],[-51.18,-19.28],[-51.21,-19.27],[-51.24,-19.27],[-51.27,-19.26],[-51.31,-19.24],[-51.34,-19.22],[-51.36,-19.21],[-51.4,-19.2],[-51.42,-19.17],[-51.44,-19.16],[-51.47,-19.15],[-51.5,-19.15],[-51.54,-19.14],[-51.58,-19.13],[-51.61,-19.14],[-51.64,-19.13],[-51.71,-19.11],[-51.73,-19.11],[-51.75,-19.09],[-51.78,-19.08],[-51.79,-19.07],[-51.82,-19.05],[-51.84,-19.04],[-51.87,-19.03],[-51.89,-19.01],[-51.91,-18.98],[-51.94,-18.97],[-51.97,-18.97],[-51.98,-18.97],[-52.01,-18.97],[-52.02,-18.96],[-52.04,-18.95],[-52.09,-18.94],[-52.1,-18.92],[-52.11,-18.9],[-52.16,-18.89],[-52.17,-18.87],[-52.18,-18.86],[-52.2,-18.85],[-52.22,-18.84],[-52.29,-18.83],[-52.34,-18.82],[-52.35,-18.8],[-52.37,-18.79],[-52.38,-18.78],[-52.41,-18.75],[-52.45,-18.69],[-52.52,-18.66],[-52.57,-18.66],[-52.62,-18.69],[-52.68,-18.68],[-52.73,-18.69],[-52.8,-18.67],[-52.84,-18.67],[-52.92,-18.63],[-52.94,-18.6],[-52.95,-18.56],[-52.91,-18.49],[-52.79,-18.4],[-52.77,-18.34],[-52.88,-18.31],[-52.98,-18.3],[-53.03,-18.35],[-53.1,-18.31],[-53.13,-18.16],[-53.13,-18.06],[-53.08,-17.97],[-53.13,-17.89],[-53.16,-17.79],[-53.18,-17.75],[-53.2,-17.74],[-53.24,-17.71],[-53.24,-17.69],[-53.24,-17.67],[-53.25,-17.64],[-53.24,-17.6],[-53.24,-17.58],[-53.24,-17.57],[-53.24,-17.54],[-53.24,-17.51],[-53.24,-17.49],[-53.23,-17.44],[-53.21,-17.41],[-53.21,-17.39],[-53.2,-17.37],[-53.2,-17.36],[-53.2,-17.34],[-53.22,-17.33],[-53.22,-17.3],[-53.2,-17.26],[-53.17,-17.22],[-53.16,-17.19],[-53.14,-17.16],[-53.13,-17.15],[-53.12,-17.12],[-53.1,-17.11],[-53.09,-17.09],[-53.08,-17.09],[-53.07,-17.08],[-53.06,-17.07],[-53.07,-17.05],[-53.07,-17.04],[-53.06,-17.02],[-53.05,-16.99],[-53.04,-16.95],[-53.04,-16.93],[-53.02,-16.9],[-53.01,-16.88],[-53.01,-16.86],[-52.96,-16.87],[-52.96,-16.85],[-52.95,-16.84],[-52.94,-16.81],[-52.93,-16.82],[-52.89,-16.79],[-52.86,-16.77],[-52.84,-16.77],[-52.81,-16.74],[-52.79,-16.72],[-52.76,-16.67],[-52.74,-16.66],[-52.73,-16.63],[-52.74,-16.6],[-52.71,-16.6],[-52.68,-16.58],[-52.66,-16.57],[-52.65,-16.55],[-52.63,-16.53],[-52.62,-16.5],[-52.6,-16.46],[-52.62,-16.45],[-52.64,-16.41],[-52.68,-16.38],[-52.68,-16.34],[-52.66,-16.28],[-52.61,-16.27],[-52.57,-16.26],[-52.57,-16.23],[-52.55,-16.19],[-52.53,-16.16],[-52.5,-16.14],[-52.44,-16.11],[-52.36,-16.08],[-52.32,-16.04],[-52.29,-15.97],[-52.26,-15.93],[-52.24,-15.89],[-52.11,-15.88],[-52.06,-15.89],[-51.96,-15.84],[-51.89,-15.83],[-51.87,-15.79],[-51.83,-15.74],[-51.76,-15.65],[-51.75,-15.55],[-51.73,-15.51],[-51.69,-15.43],[-51.67,-15.37],[-51.68,-15.29],[-51.67,-15.25],[-51.62,-15.16],[-51.55,-15.11],[-51.45,-15.03],[-51.37,-15.01],[-51.34,-14.97],[-51.3,-15.02],[-51.15,-14.98],[-51.08,-14.91],[-51.07,-14.81],[-51.05,-14.75],[-51.02,-14.66],[-50.97,-14.5],[-50.99,-14.45],[-50.98,-14.36],[-50.93,-14.18],[-50.91,-14.11],[-50.85,-14.11],[-50.85,-14],[-50.84,-13.93],[-50.84,-13.86],[-50.85,-13.77],[-50.82,-13.71],[-50.76,-13.53],[-50.68,-13.44],[-50.67,-13.39],[-50.62,-13.33],[-50.58,-13.22],[-50.6,-13.18],[-50.61,-13.06],[-50.59,-13.02],[-50.54,-12.98],[-50.52,-12.93],[-50.5,-12.87],[-50.49,-12.81],[-50.48,-12.78],[-50.48,-12.75],[-50.47,-12.72],[-50.44,-12.7],[-50.43,-12.67],[-50.43,-12.65],[-50.41,-12.65],[-50.39,-12.61],[-50.37,-12.58],[-50.36,-12.55],[-50.35,-12.54],[-50.33,-12.52],[-50.32,-12.51],[-50.28,-12.48],[-50.21,-12.45],[-50.18,-12.43],[-50.19,-12.42],[-50.14,-12.4],[-50.16,-12.41]]]]}},{"type":"Feature","properties":{"sigla":"MA","name":"Maranhão"},"geometry":{"type":"MultiPolygon","coordinates":[[[[-47.03,-8.99],[-47.02,-8.95],[-47,-8.93],[-46.98,-8.9],[-46.99,-8.88],[-46.92,-8.86],[-46.91,-8.83],[-46.9,-8.81],[-46.91,-8.77],[-46.93,-8.73],[-46.91,-8.71],[-46.89,-8.67],[-46.9,-8.65],[-46.91,-8.63],[-46.9,-8.61],[-46.9,-8.6],[-46.91,-8.59],[-46.89,-8.58],[-46.88,-8.57],[-46.87,-8.56],[-46.85,-8.53],[-46.85,-8.51],[-46.84,-8.47],[-46.82,-8.47],[-46.8,-8.41],[-46.79,-8.39],[-46.75,-8.37],[-46.71,-8.36],[-46.68,-8.34],[-46.61,-8.33],[-46.55,-8.32],[-46.51,-8.27],[-46.49,-8.2],[-46.51,-8.17],[-46.47,-8.08],[-46.48,-8.04],[-46.49,-7.98],[-46.56,-7.93],[-46.58,-7.91],[-46.63,-7.9],[-46.67,-7.9],[-46.7,-7.92],[-46.73,-7.92],[-46.74,-7.92],[-46.77,-7.94],[-46.79,-7.95],[-46.8,-7.95],[-46.82,-7.95],[-46.84,-7.96],[-46.87,-7.96],[-46.88,-7.97],[-46.92,-7.98],[-46.94,-8],[-46.95,-8.03],[-46.99,-8.05],[-47.01,-8.06],[-47.04,-8.05],[-47.05,-8.03],[-47.09,-7.99],[-47.1,-7.98],[-47.1,-7.96],[-47.12,-7.95],[-47.13,-7.92],[-47.14,-7.9],[-47.16,-7.88],[-47.18,-7.86],[-47.19,-7.85],[-47.2,-7.84],[-47.21,-7.83],[-47.23,-7.82],[-47.24,-7.81],[-47.24,-7.8],[-47.24,-7.79],[-47.25,-7.76],[-47.27,-7.76],[-47.27,-7.73],[-47.3,-7.73],[-47.31,-7.71],[-47.31,-7.7],[-47.33,-7.68],[-47.33,-7.66],[-47.35,-7.62],[-47.35,-7.64],[-47.37,-7.65],[-47.38,-7.6],[-47.4,-7.57],[-47.43,-7.55],[-47.44,-7.52],[-47.48,-7.51],[-47.5,-7.44],[-47.59,-7.44],[-47.48,-7.34],[-47.6,-7.27],[-47.65,-7.3],[-47.75,-7.19],[-47.69,-7.14],[-47.64,-7.13],[-47.55,-7.01],[-47.51,-6.9],[-47.49,-6.75],[-47.5,-6.67],[-47.46,-6.54],[-47.43,-6.44],[-47.41,-6.34],[-47.38,-6.23],[-47.43,-6.06],[-47.44,-5.86],[-47.48,-5.76],[-47.48,-5.63],[-47.51,-5.51],[-47.67,-5.42],[-47.83,-5.39],[-47.87,-5.27],[-47.95,-5.24],[-48.04,-5.26],[-48.11,-5.27],[-48.21,-5.25],[-48.32,-5.2],[-48.52,-5.19],[-48.56,-5.25],[-48.61,-5.34],[-48.68,-5.31],[-48.72,-5.35],[-48.43,-5.1],[-48.42,-5.09],[-48.03,-4.78],[-47.75,-4.59],[-47.72,-4.61],[-47.71,-4.61],[-47.62,-4.57],[-47.52,-4.44],[-47.49,-4.38],[-47.48,-4.35],[-47.47,-4.31],[-47.43,-4.28],[-47.41,-4.27],[-47.37,-4.24],[-47.37,-4.21],[-47.37,-4.2],[-47.35,-4.18],[-47.35,-4.14],[-47.35,-4.11],[-47.33,-4.07],[-47.31,-4.06],[-47.29,-4.04],[-47.27,-4.03],[-47.23,-4],[-47.2,-3.98],[-47.19,-3.97],[-47.17,-3.94],[-47.14,-3.9],[-47.12,-3.88],[-47.09,-3.86],[-47.08,-3.82],[-47.06,-3.79],[-47.06,-3.74],[-47.05,-3.68],[-47.05,-3.66],[-47.05,-3.63],[-47.03,-3.6],[-47.04,-3.57],[-47.02,-3.56],[-47.01,-3.54],[-46.99,-3.53],[-46.98,-3.51],[-46.96,-3.49],[-46.96,-3.46],[-46.94,-3.45],[-46.95,-3.42],[-46.94,-3.4],[-46.94,-3.38],[-46.92,-3.37],[-46.91,-3.37],[-46.9,-3.35],[-46.87,-3.34],[-46.86,-3.34],[-46.84,-3.32],[-46.83,-3.29],[-46.81,-3.27],[-46.79,-3.24],[-46.78,-3.21],[-46.77,-3.2],[-46.77,-3.18],[-46.75,-3.16],[-46.73,-3.13],[-46.73,-3.12],[-46.72,-3.11],[-46.69,-3.09],[-46.68,-3.07],[-46.67,-3.02],[-46.67,-3],[-46.66,-2.98],[-46.66,-2.96],[-46.65,-2.93],[-46.66,-2.9],[-46.66,-2.88],[-46.63,-2.87],[-46.64,-2.85],[-46.62,-2.84],[-46.58,-2.84],[-46.59,-2.82],[-46.6,-2.82],[-46.61,-2.79],[-46.63,-2.77],[-46.66,-2.74],[-46.67,-2.73],[-46.65,-2.69],[-46.63,-2.68],[-46.61,-2.64],[-46.57,-2.63],[-46.51,-2.6],[-46.49,-2.56],[-46.48,-2.54],[-46.43,-2.51],[-46.44,-2.48],[-46.44,-2.45],[-46.42,-2.39],[-46.44,-2.37],[-46.44,-2.33],[-46.43,-2.29],[-46.41,-2.23],[-46.37,-2.24],[-46.34,-2.2],[-46.28,-2.15],[-46.27,-2.12],[-46.27,-2.05],[-46.23,-1.97],[-46.21,-1.83],[-46.29,-1.8],[-46.32,-1.77],[-46.3,-1.73],[-46.24,-1.72],[-46.2,-1.71],[-46.16,-1.65],[-46.15,-1.59],[-46.15,-1.51],[-46.18,-1.48],[-46.13,-1.4],[-46.11,-1.33],[-46.14,-1.31],[-46.13,-1.21],[-46.08,-1.2],[-46.06,-1.14],[-46.05,-1.15],[-46.04,-1.13],[-46.03,-1.1],[-46.01,-1.06],[-46,-1.07],[-45.96,-1.05],[-45.97,-1.06],[-45.97,-1.09],[-45.99,-1.09],[-45.97,-1.11],[-45.96,-1.11],[-45.99,-1.14],[-45.98,-1.16],[-45.97,-1.14],[-45.94,-1.14],[-45.95,-1.18],[-45.96,-1.23],[-45.93,-1.17],[-45.89,-1.11],[-45.87,-1.1],[-45.87,-1.07],[-45.87,-1.06],[-45.84,-1.05],[-45.84,-1.1],[-45.85,-1.13],[-45.91,-1.16],[-45.9,-1.18],[-45.88,-1.15],[-45.87,-1.16],[-45.87,-1.17],[-45.86,-1.19],[-45.9,-1.22],[-45.87,-1.22],[-45.86,-1.23],[-45.88,-1.26],[-45.86,-1.27],[-45.84,-1.21],[-45.82,-1.2],[-45.81,-1.17],[-45.79,-1.17],[-45.8,-1.21],[-45.82,-1.26],[-45.83,-1.27],[-45.78,-1.26],[-45.78,-1.27],[-45.76,-1.2],[-45.74,-1.15],[-45.73,-1.14],[-45.69,-1.13],[-45.69,-1.16],[-45.71,-1.18],[-45.73,-1.21],[-45.73,-1.22],[-45.74,-1.24],[-45.71,-1.24],[-45.72,-1.31],[-45.73,-1.34],[-45.69,-1.32],[-45.68,-1.34],[-45.72,-1.38],[-45.7,-1.36],[-45.72,-1.4],[-45.69,-1.37],[-45.64,-1.37],[-45.62,-1.3],[-45.59,-1.27],[-45.58,-1.27],[-45.59,-1.31],[-45.54,-1.27],[-45.54,-1.29],[-45.55,-1.31],[-45.56,-1.33],[-45.54,-1.34],[-45.5,-1.29],[-45.51,-1.31],[-45.51,-1.35],[-45.51,-1.36],[-45.52,-1.41],[-45.49,-1.35],[-45.47,-1.35],[-45.48,-1.37],[-45.46,-1.32],[-45.44,-1.3],[-45.4,-1.31],[-45.42,-1.35],[-45.43,-1.35],[-45.45,-1.35],[-45.47,-1.4],[-45.48,-1.44],[-45.47,-1.45],[-45.47,-1.48],[-45.45,-1.5],[-45.48,-1.54],[-45.45,-1.52],[-45.45,-1.45],[-45.42,-1.42],[-45.43,-1.46],[-45.41,-1.45],[-45.41,-1.45],[-45.39,-1.45],[-45.38,-1.43],[-45.36,-1.39],[-45.35,-1.39],[-45.37,-1.38],[-45.37,-1.37],[-45.35,-1.34],[-45.34,-1.35],[-45.33,-1.35],[-45.36,-1.32],[-45.32,-1.32],[-45.31,-1.34],[-45.3,-1.37],[-45.3,-1.37],[-45.29,-1.41],[-45.31,-1.41],[-45.31,-1.43],[-45.39,-1.48],[-45.37,-1.48],[-45.35,-1.49],[-45.37,-1.53],[-45.36,-1.52],[-45.33,-1.48],[-45.33,-1.51],[-45.31,-1.48],[-45.31,-1.53],[-45.34,-1.58],[-45.34,-1.61],[-45.35,-1.62],[-45.36,-1.67],[-45.38,-1.69],[-45.36,-1.7],[-45.34,-1.73],[-45.33,-1.68],[-45.27,-1.61],[-45.25,-1.62],[-45.25,-1.59],[-45.24,-1.56],[-45.19,-1.52],[-45.18,-1.52],[-45.17,-1.49],[-45.15,-1.46],[-45.14,-1.49],[-45.14,-1.52],[-45.13,-1.5],[-45.12,-1.45],[-45.1,-1.4],[-45.1,-1.36],[-45.1,-1.4],[-45.1,-1.47],[-45.1,-1.51],[-45.08,-1.48],[-45.07,-1.46],[-45.06,-1.5],[-45.06,-1.48],[-45.04,-1.5],[-45,-1.48],[-44.96,-1.51],[-44.96,-1.49],[-44.95,-1.49],[-44.95,-1.5],[-44.91,-1.49],[-44.92,-1.49],[-44.9,-1.45],[-44.87,-1.45],[-44.87,-1.44],[-44.85,-1.42],[-44.83,-1.42],[-44.82,-1.43],[-44.84,-1.46],[-44.85,-1.49],[-44.85,-1.49],[-44.87,-1.51],[-44.88,-1.54],[-44.9,-1.57],[-44.9,-1.61],[-44.86,-1.61],[-44.84,-1.62],[-44.8,-1.59],[-44.8,-1.6],[-44.78,-1.64],[-44.77,-1.63],[-44.79,-1.59],[-44.76,-1.57],[-44.76,-1.57],[-44.76,-1.63],[-44.76,-1.61],[-44.72,-1.56],[-44.7,-1.57],[-44.7,-1.58],[-44.69,-1.6],[-44.69,-1.59],[-44.67,-1.57],[-44.66,-1.59],[-44.66,-1.66],[-44.68,-1.65],[-44.7,-1.65],[-44.74,-1.65],[-44.76,-1.68],[-44.78,-1.68],[-44.77,-1.69],[-44.8,-1.71],[-44.78,-1.71],[-44.75,-1.74],[-44.78,-1.75],[-44.77,-1.72],[-44.75,-1.72],[-44.7,-1.73],[-44.72,-1.76],[-44.78,-1.79],[-44.8,-1.81],[-44.72,-1.78],[-44.76,-1.81],[-44.71,-1.79],[-44.7,-1.77],[-44.66,-1.74],[-44.67,-1.79],[-44.66,-1.78],[-44.65,-1.78],[-44.65,-1.74],[-44.65,-1.72],[-44.61,-1.75],[-44.63,-1.81],[-44.63,-1.83],[-44.61,-1.83],[-44.6,-1.85],[-44.63,-1.86],[-44.59,-1.85],[-44.6,-1.83],[-44.59,-1.81],[-44.57,-1.8],[-44.56,-1.84],[-44.57,-1.85],[-44.55,-1.83],[-44.54,-1.87],[-44.57,-1.88],[-44.59,-1.9],[-44.57,-1.89],[-44.57,-1.91],[-44.55,-1.89],[-44.54,-1.9],[-44.53,-1.89],[-44.49,-1.96],[-44.51,-1.95],[-44.49,-1.97],[-44.49,-1.98],[-44.5,-2.01],[-44.47,-2.02],[-44.49,-2.05],[-44.49,-2.14],[-44.46,-2.14],[-44.43,-2.17],[-44.44,-2.18],[-44.41,-2.2],[-44.41,-2.23],[-44.4,-2.23],[-44.39,-2.23],[-44.38,-2.26],[-44.38,-2.28],[-44.37,-2.35],[-44.37,-2.39],[-44.4,-2.42],[-44.37,-2.45],[-44.29,-2.48],[-44.26,-2.48],[-44.22,-2.47],[-44.18,-2.46],[-44.15,-2.45],[-44.13,-2.42],[-44.1,-2.41],[-44.08,-2.42],[-44.09,-2.41],[-44.02,-2.4],[-44.02,-2.43],[-44.03,-2.44],[-44.05,-2.44],[-44.07,-2.44],[-44.08,-2.45],[-44.09,-2.46],[-44.06,-2.47],[-44.04,-2.46],[-43.97,-2.51],[-43.92,-2.51],[-43.83,-2.36],[-43.76,-2.36],[-43.76,-2.35],[-43.62,-2.22],[-43.5,-2.37],[-43.44,-2.33],[-43.38,-2.32],[-43.32,-2.34],[-43.11,-2.41],[-42.98,-2.47],[-42.94,-2.48],[-42.91,-2.5],[-42.87,-2.52],[-42.8,-2.55],[-42.77,-2.57],[-42.74,-2.56],[-42.71,-2.59],[-42.7,-2.63],[-42.7,-2.64],[-42.69,-2.6],[-42.73,-2.58],[-42.71,-2.57],[-42.74,-2.56],[-42.68,-2.59],[-42.64,-2.63],[-42.61,-2.65],[-42.57,-2.68],[-42.53,-2.68],[-42.49,-2.7],[-42.48,-2.69],[-42.32,-2.68],[-42.24,-2.67],[-42.21,-2.69],[-42.2,-2.69],[-42.12,-2.69],[-42.08,-2.69],[-42.05,-2.69],[-42.05,-2.72],[-42.02,-2.75],[-42.02,-2.72],[-41.98,-2.72],[-41.94,-2.72],[-41.91,-2.72],[-41.86,-2.72],[-41.83,-2.72],[-41.85,-2.77],[-41.86,-2.83],[-41.86,-2.89],[-41.8,-2.97],[-41.86,-3.05],[-41.9,-3.1],[-41.93,-3.15],[-41.95,-3.18],[-41.98,-3.22],[-42.03,-3.25],[-42.13,-3.29],[-42.1,-3.31],[-42.12,-3.35],[-42.19,-3.4],[-42.2,-3.43],[-42.28,-3.45],[-42.33,-3.43],[-42.39,-3.46],[-42.42,-3.46],[-42.46,-3.49],[-42.49,-3.45],[-42.51,-3.48],[-42.57,-3.57],[-42.64,-3.63],[-42.68,-3.7],[-42.68,-3.78],[-42.72,-3.88],[-42.79,-3.98],[-42.82,-3.99],[-42.88,-4.11],[-42.89,-4.15],[-42.94,-4.17],[-42.98,-4.3],[-42.96,-4.38],[-42.88,-4.42],[-42.87,-4.47],[-42.86,-4.5],[-42.87,-4.56],[-42.95,-4.67],[-42.92,-4.74],[-42.92,-4.82],[-42.9,-4.89],[-42.86,-4.93],[-42.84,-5.03],[-42.82,-5.09],[-42.8,-5.18],[-42.83,-5.25],[-42.83,-5.35],[-42.87,-5.38],[-42.92,-5.41],[-42.96,-5.45],[-42.99,-5.51],[-43.05,-5.59],[-43.1,-5.63],[-43.08,-5.74],[-43.09,-5.8],[-43.08,-5.87],[-43.09,-5.93],[-43.06,-5.99],[-43.07,-6.04],[-43.04,-6.11],[-42.98,-6.17],[-42.92,-6.21],[-42.87,-6.23],[-42.85,-6.28],[-42.84,-6.32],[-42.86,-6.38],[-42.87,-6.43],[-42.88,-6.49],[-42.89,-6.54],[-42.91,-6.64],[-42.99,-6.75],[-43.06,-6.75],[-43.15,-6.78],[-43.25,-6.77],[-43.35,-6.8],[-43.39,-6.83],[-43.44,-6.84],[-43.49,-6.82],[-43.55,-6.78],[-43.57,-6.75],[-43.64,-6.72],[-43.73,-6.7],[-43.78,-6.71],[-43.88,-6.76],[-43.94,-6.77],[-44.03,-6.76],[-44.07,-6.82],[-44.12,-6.81],[-44.11,-6.85],[-44.14,-6.86],[-44.17,-6.92],[-44.24,-7],[-44.28,-7.05],[-44.32,-7.11],[-44.41,-7.14],[-44.49,-7.18],[-44.53,-7.22],[-44.57,-7.25],[-44.64,-7.31],[-44.67,-7.35],[-44.7,-7.4],[-44.74,-7.36],[-44.82,-7.38],[-44.86,-7.41],[-44.91,-7.44],[-44.96,-7.48],[-44.98,-7.48],[-45.01,-7.5],[-45.08,-7.5],[-45.13,-7.51],[-45.17,-7.53],[-45.22,-7.57],[-45.26,-7.57],[-45.31,-7.57],[-45.34,-7.59],[-45.39,-7.61],[-45.41,-7.64],[-45.42,-7.66],[-45.44,-7.67],[-45.46,-7.67],[-45.46,-7.69],[-45.47,-7.71],[-45.48,-7.74],[-45.5,-7.75],[-45.49,-7.79],[-45.5,-7.8],[-45.51,-7.82],[-45.52,-7.86],[-45.53,-7.88],[-45.52,-7.89],[-45.53,-7.9],[-45.54,-7.92],[-45.55,-7.96],[-45.56,-7.97],[-45.55,-8.02],[-45.57,-8.05],[-45.57,-8.08],[-45.58,-8.13],[-45.58,-8.16],[-45.61,-8.19],[-45.66,-8.25],[-45.68,-8.32],[-45.69,-8.34],[-45.7,-8.37],[-45.73,-8.41],[-45.74,-8.45],[-45.74,-8.5],[-45.76,-8.55],[-45.77,-8.57],[-45.78,-8.62],[-45.82,-8.65],[-45.85,-8.71],[-45.87,-8.73],[-45.92,-8.77],[-45.94,-8.8],[-45.94,-8.83],[-45.97,-8.86],[-45.98,-8.89],[-45.98,-8.92],[-45.97,-8.98],[-45.94,-9.04],[-45.93,-9.08],[-45.93,-9.1],[-45.92,-9.15],[-45.9,-9.21],[-45.9,-9.25],[-45.9,-9.27],[-45.9,-9.31],[-45.89,-9.33],[-45.86,-9.36],[-45.8,-9.42],[-45.8,-9.44],[-45.79,-9.46],[-45.79,-9.49],[-45.82,-9.52],[-45.83,-9.55],[-45.83,-9.59],[-45.82,-9.61],[-45.83,-9.65],[-45.83,-9.7],[-45.83,-9.72],[-45.82,-9.75],[-45.84,-9.81],[-45.85,-9.85],[-45.86,-9.88],[-45.85,-9.92],[-45.85,-9.96],[-45.85,-10],[-45.88,-10.06],[-45.89,-10.11],[-45.91,-10.16],[-45.94,-10.19],[-45.95,-10.22],[-46.02,-10.24],[-46.1,-10.21],[-46.24,-10.17],[-46.35,-10.17],[-46.44,-10.08],[-46.47,-9.98],[-46.47,-9.93],[-46.48,-9.87],[-46.49,-9.85],[-46.56,-9.81],[-46.58,-9.76],[-46.65,-9.69],[-46.59,-9.6],[-46.54,-9.55],[-46.58,-9.51],[-46.59,-9.48],[-46.65,-9.44],[-46.65,-9.41],[-46.68,-9.39],[-46.74,-9.41],[-46.77,-9.36],[-46.82,-9.3],[-46.83,-9.28],[-46.83,-9.22],[-46.85,-9.19],[-46.86,-9.15],[-46.9,-9.13],[-46.93,-9.11],[-46.93,-9.08],[-46.98,-9.08],[-47.01,-9.08],[-47.03,-9.07],[-47.07,-9.06],[-47.05,-9.05],[-47.05,-9.02],[-47.04,-9.01],[-47.03,-8.99]],[[-44.81,-1.8]],[[-44.57,-1.92]],[[-45.75,-1.37]],[[-45.89,-1.18]],[[-45.82,-1.31]],[[-44.69,-1.82]],[[-45.39,-1.69]],[[-44.8,-1.63]],[[-45.13,-1.54],[-45.13,-1.54]],[[-45.82,-1.25]],[[-45.58,-1.34]],[[-45.8,-1.33]],[[-44.83,-1.82]],[[-45.37,-1.44],[-45.37,-1.43],[-45.37,-1.44]],[[-45.91,-1.24],[-45.9,-1.26],[-45.91,-1.24]],[[-45.59,-1.34],[-45.59,-1.34]],[[-45.39,-1.56],[-45.39,-1.56]]],[[[-44.97,-1.34],[-44.94,-1.34],[-44.96,-1.32],[-44.98,-1.31],[-44.94,-1.29],[-44.92,-1.3],[-44.89,-1.28],[-44.85,-1.32],[-44.88,-1.36],[-44.88,-1.34],[-44.89,-1.34],[-44.89,-1.34],[-44.92,-1.37],[-44.96,-1.4],[-44.98,-1.41],[-45.02,-1.36],[-45,-1.34],[-45.02,-1.33],[-44.98,-1.33],[-44.98,-1.35],[-44.97,-1.34]],[[-44.92,-1.34]],[[-44.91,-1.33],[-44.92,-1.3],[-44.91,-1.33]]],[[[-45.68,-1.3],[-45.64,-1.27],[-45.64,-1.29],[-45.64,-1.21],[-45.62,-1.13],[-45.61,-1.12],[-45.61,-1.17],[-45.63,-1.23],[-45.62,-1.26],[-45.64,-1.33],[-45.68,-1.36],[-45.68,-1.34],[-45.68,-1.32],[-45.68,-1.3]],[[-45.66,-1.3],[-45.66,-1.3]]],[[[-44.8,-1.53],[-44.78,-1.54],[-44.81,-1.56],[-44.82,-1.53],[-44.8,-1.5],[-44.76,-1.48],[-44.79,-1.53],[-44.8,-1.53]]],[[[-44.77,-1.53],[-44.76,-1.49],[-44.75,-1.46],[-44.77,-1.53]]],[[[-45.69,-1.2],[-45.66,-1.22],[-45.68,-1.26],[-45.7,-1.22],[-45.68,-1.22],[-45.69,-1.2]]],[[[-45.54,-1.2],[-45.53,-1.22],[-45.58,-1.23],[-45.57,-1.21],[-45.57,-1.19],[-45.54,-1.2]]],[[[-44.62,-1.79],[-44.59,-1.77],[-44.6,-1.81],[-44.62,-1.82],[-44.62,-1.79]]],[[[-44.73,-1.56],[-44.74,-1.54],[-44.73,-1.56]]],[[[-45.8,-1.13],[-45.82,-1.15],[-45.79,-1.12],[-45.8,-1.13]]],[[[-45.79,-1.19],[-45.78,-1.21],[-45.79,-1.19]]],[[[-45.56,-1.33],[-45.53,-1.31],[-45.56,-1.33]]],[[[-45.09,-1.42],[-45.08,-1.38],[-45.07,-1.39],[-45.09,-1.42]]],[[[-45.1,-1.47],[-45.1,-1.47]]],[[[-45.04,-1.39],[-45.04,-1.35],[-45.04,-1.39]]],[[[-44.75,-1.69],[-44.75,-1.69]]],[[[-45.69,-1.3],[-45.69,-1.31],[-45.69,-1.3]]],[[[-44.47,-2.08]]],[[[-44.48,-2.11],[-44.47,-2.11],[-44.49,-2.11],[-44.48,-2.11]]],[[[-45.4,-1.4],[-45.41,-1.41],[-45.4,-1.4]]],[[[-45.07,-1.45],[-45.07,-1.44],[-45.07,-1.45]]],[[[-44.72,-1.66],[-44.74,-1.67],[-44.72,-1.66]]],[[[-44.45,-2.03],[-44.44,-2.01],[-44.45,-2.03]]],[[[-44.62,-1.81],[-44.63,-1.79],[-44.62,-1.81]]],[[[-45.09,-1.43],[-45.09,-1.44],[-45.09,-1.43]]],[[[-45.52,-1.41],[-45.51,-1.39],[-45.52,-1.41]]],[[[-45.05,-1.33]]],[[[-45.79,-1.25],[-45.79,-1.25]]],[[[-45,-1.4],[-45.02,-1.4],[-45,-1.4]]],[[[-44.61,-1.83],[-44.6,-1.83],[-44.61,-1.83]]],[[[-45.63,-1.32],[-45.63,-1.32]]],[[[-44.83,-1.56],[-44.83,-1.56]]],[[[-45.56,-1.26],[-45.57,-1.27],[-45.56,-1.26]]],[[[-42.75,-2.54],[-42.76,-2.55],[-42.75,-2.54]]],[[[-44.01,-2.4]]],[[[-44.61,-1.78],[-44.61,-1.78]]],[[[-45.64,-1.31],[-45.64,-1.32],[-45.64,-1.31]]],[[[-45.65,-1.36]]],[[[-45.64,-1.25],[-45.64,-1.24],[-45.64,-1.25]]],[[[-44.02,-2.4],[-44.02,-2.4]]],[[[-45.14,-1.47],[-45.14,-1.47]]],[[[-44.78,-1.57]]],[[[-44.88,-1.34]]],[[[-45.04,-1.39]]],[[[-45.14,-1.49]]],[[[-44.46,-2.13]]],[[[-45.82,-1.26]]],[[[-47.03,-8.98],[-47.03,-8.98]]],[[[-45.11,-1.4]]],[[[-45.11,-1.39]]],[[[-45.56,-1.26]]],[[[-44.76,-1.59]]],[[[-45.76,-1.19]]]]}},{"type":"Feature","properties":{"sigla":"MG","name":"Minas Gerais"},"geometry":{"type":"MultiPolygon","coordinates":[[[[-44.21,-14.24],[-44.17,-14.27],[-44.14,-14.27],[-44.11,-14.26],[-44.09,-14.27],[-44.08,-14.27],[-44.07,-14.28],[-44.05,-14.28],[-44.02,-14.27],[-43.98,-14.27],[-43.96,-14.28],[-43.95,-14.29],[-43.93,-14.31],[-43.91,-14.3],[-43.9,-14.3],[-43.88,-14.31],[-43.85,-14.31],[-43.85,-14.32],[-43.82,-14.32],[-43.81,-14.33],[-43.79,-14.34],[-43.84,-14.45],[-43.88,-14.56],[-43.88,-14.6],[-43.87,-14.62],[-43.89,-14.63],[-43.88,-14.65],[-43.86,-14.66],[-43.8,-14.69],[-43.76,-14.69],[-43.72,-14.71],[-43.7,-14.72],[-43.67,-14.73],[-43.66,-14.74],[-43.61,-14.76],[-43.56,-14.77],[-43.53,-14.81],[-43.51,-14.8],[-43.49,-14.79],[-43.48,-14.77],[-43.46,-14.75],[-43.43,-14.73],[-43.4,-14.71],[-43.32,-14.68],[-43.28,-14.67],[-43.2,-14.66],[-43.16,-14.66],[-43.11,-14.68],[-43.08,-14.7],[-43.06,-14.69],[-43.03,-14.69],[-42.98,-14.7],[-42.93,-14.72],[-42.92,-14.75],[-42.9,-14.76],[-42.87,-14.76],[-42.85,-14.79],[-42.75,-14.85],[-42.73,-14.88],[-42.7,-14.89],[-42.68,-14.9],[-42.66,-14.92],[-42.61,-14.94],[-42.58,-14.94],[-42.53,-14.97],[-42.52,-14.98],[-42.44,-15.06],[-42.38,-15.07],[-42.32,-15.1],[-42.28,-15.11],[-42.23,-15.1],[-42.18,-15.1],[-42.15,-15.11],[-42.11,-15.15],[-42.07,-15.18],[-41.98,-15.17],[-41.92,-15.16],[-41.88,-15.14],[-41.81,-15.1],[-41.36,-15.5],[-41.33,-15.74],[-41.27,-15.75],[-41.2,-15.75],[-41.14,-15.77],[-41.09,-15.74],[-41.04,-15.71],[-40.99,-15.69],[-40.95,-15.66],[-40.91,-15.66],[-40.88,-15.69],[-40.83,-15.67],[-40.79,-15.67],[-40.77,-15.71],[-40.74,-15.69],[-40.7,-15.67],[-40.66,-15.71],[-40.63,-15.72],[-40.6,-15.75],[-40.57,-15.78],[-40.54,-15.79],[-40.49,-15.77],[-40.46,-15.76],[-40.41,-15.81],[-40.39,-15.82],[-40.37,-15.81],[-40.34,-15.82],[-40.29,-15.82],[-40.26,-15.81],[-40.23,-15.8],[-40.22,-15.82],[-40.21,-15.84],[-40.21,-15.85],[-40.19,-15.86],[-40.17,-15.9],[-40.15,-15.9],[-40.14,-15.91],[-40.09,-15.9],[-40.08,-15.92],[-40.07,-15.93],[-40.07,-15.94],[-40.06,-15.96],[-40.04,-15.97],[-40.03,-15.98],[-40.02,-15.98],[-40,-16],[-39.99,-15.99],[-39.96,-16],[-39.92,-15.99],[-39.93,-16.01],[-39.9,-16.05],[-39.88,-16.09],[-39.86,-16.12],[-39.89,-16.15],[-39.9,-16.21],[-39.92,-16.26],[-39.94,-16.29],[-39.97,-16.32],[-40.01,-16.34],[-40.03,-16.37],[-40.05,-16.43],[-40.08,-16.46],[-40.1,-16.44],[-40.14,-16.5],[-40.17,-16.52],[-40.16,-16.55],[-40.17,-16.58],[-40.21,-16.57],[-40.25,-16.57],[-40.29,-16.6],[-40.31,-16.68],[-40.31,-16.72],[-40.35,-16.79],[-40.29,-16.8],[-40.26,-16.82],[-40.25,-16.85],[-40.27,-16.88],[-40.31,-16.9],[-40.35,-16.89],[-40.39,-16.89],[-40.42,-16.9],[-40.46,-16.88],[-40.52,-16.96],[-40.55,-17.02],[-40.56,-17.09],[-40.57,-17.18],[-40.57,-17.24],[-40.55,-17.28],[-40.58,-17.31],[-40.6,-17.34],[-40.6,-17.36],[-40.61,-17.42],[-40.56,-17.43],[-40.51,-17.48],[-40.48,-17.49],[-40.49,-17.53],[-40.44,-17.57],[-40.41,-17.59],[-40.4,-17.61],[-40.37,-17.62],[-40.33,-17.63],[-40.31,-17.67],[-40.3,-17.7],[-40.27,-17.73],[-40.24,-17.73],[-40.22,-17.77],[-40.2,-17.83],[-40.18,-17.86],[-40.26,-17.94],[-40.23,-17.98],[-40.28,-17.96],[-40.31,-17.94],[-40.35,-17.92],[-40.37,-17.93],[-40.42,-17.93],[-40.46,-17.93],[-40.52,-17.89],[-40.58,-17.93],[-40.61,-17.94],[-40.63,-17.99],[-40.67,-18.01],[-40.69,-18.01],[-40.74,-18],[-40.77,-17.99],[-40.79,-17.98],[-40.82,-17.96],[-40.86,-17.99],[-40.89,-17.98],[-40.77,-18.16],[-40.83,-18.15],[-40.86,-18.14],[-40.89,-18.12],[-40.9,-18.12],[-40.94,-18.14],[-40.95,-18.15],[-40.99,-18.16],[-41.03,-18.16],[-41.06,-18.17],[-41.07,-18.18],[-41.1,-18.22],[-41.1,-18.24],[-41.14,-18.29],[-41.15,-18.34],[-41.16,-18.38],[-41.15,-18.41],[-41.18,-18.44],[-41.03,-18.53],[-41.04,-18.63],[-41.03,-18.65],[-41,-18.67],[-40.95,-18.68],[-40.93,-18.79],[-40.94,-18.83],[-40.96,-18.84],[-41.09,-18.84],[-41.12,-18.81],[-41.23,-18.8],[-41.24,-18.85],[-41.23,-18.86],[-41.2,-18.86],[-41.16,-18.87],[-41.13,-18.89],[-41.11,-18.92],[-41.08,-18.94],[-41.07,-18.94],[-41.05,-18.97],[-41.02,-18.98],[-41.06,-19.04],[-41.04,-19.07],[-41.01,-19.09],[-40.98,-19.1],[-40.96,-19.12],[-40.94,-19.14],[-40.94,-19.18],[-40.93,-19.2],[-40.94,-19.23],[-40.93,-19.25],[-40.93,-19.27],[-40.93,-19.3],[-40.91,-19.32],[-40.94,-19.36],[-40.96,-19.4],[-40.96,-19.44],[-40.95,-19.47],[-40.97,-19.5],[-41.05,-19.5],[-41.04,-19.55],[-41.07,-19.58],[-41.09,-19.6],[-41.12,-19.64],[-41.15,-19.66],[-41.18,-19.71],[-41.18,-19.74],[-41.17,-19.78],[-41.18,-19.84],[-41.2,-19.9],[-41.23,-19.92],[-41.29,-19.94],[-41.32,-19.97],[-41.32,-20.03],[-41.33,-20.06],[-41.35,-20.1],[-41.36,-20.13],[-41.37,-20.17],[-41.41,-20.21],[-41.76,-20.21],[-41.77,-20.23],[-41.78,-20.28],[-41.81,-20.31],[-41.83,-20.32],[-41.85,-20.35],[-41.83,-20.41],[-41.8,-20.48],[-41.81,-20.51],[-41.82,-20.55],[-41.85,-20.61],[-41.83,-20.62],[-41.81,-20.64],[-41.83,-20.66],[-41.85,-20.69],[-41.86,-20.71],[-41.86,-20.72],[-41.88,-20.76],[-41.88,-20.78],[-41.93,-20.79],[-41.94,-20.86],[-41.96,-20.88],[-41.97,-20.92],[-42,-20.93],[-42.05,-20.93],[-42.11,-20.95],[-42.12,-20.96],[-42.15,-20.98],[-42.12,-21],[-42.08,-21.02],[-42.1,-21.03],[-42.12,-21.07],[-42.16,-21.1],[-42.18,-21.14],[-42.19,-21.16],[-42.2,-21.17],[-42.2,-21.22],[-42.19,-21.24],[-42.23,-21.28],[-42.23,-21.33],[-42.23,-21.35],[-42.24,-21.38],[-42.26,-21.41],[-42.28,-21.43],[-42.28,-21.44],[-42.27,-21.47],[-42.29,-21.52],[-42.31,-21.55],[-42.35,-21.58],[-42.36,-21.62],[-42.35,-21.64],[-42.33,-21.66],[-42.32,-21.65],[-42.28,-21.68],[-42.27,-21.7],[-42.31,-21.73],[-42.38,-21.75],[-42.47,-21.79],[-42.59,-21.85],[-42.63,-21.86],[-42.68,-21.88],[-42.7,-21.89],[-42.75,-21.91],[-42.77,-21.92],[-42.82,-21.94],[-42.88,-21.97],[-42.97,-22.01],[-43.03,-22.04],[-43.04,-22.07],[-43.07,-22.09],[-43.12,-22.09],[-43.15,-22.07],[-43.13,-22.03],[-43.16,-22.03],[-43.2,-22.03],[-43.23,-22.03],[-43.26,-22.01],[-43.28,-22.01],[-43.32,-22.01],[-43.37,-22.01],[-43.44,-22.06],[-43.49,-22.07],[-43.52,-22.07],[-43.57,-22.08],[-43.6,-22.06],[-43.62,-22.08],[-43.65,-22.07],[-43.68,-22.08],[-43.71,-22.08],[-43.75,-22.09],[-43.76,-22.08],[-43.78,-22.07],[-43.81,-22.09],[-43.85,-22.1],[-43.88,-22.11],[-43.94,-22.13],[-43.99,-22.15],[-44.02,-22.15],[-44.07,-22.16],[-44.09,-22.18],[-44.12,-22.19],[-44.13,-22.21],[-44.15,-22.23],[-44.17,-22.23],[-44.2,-22.25],[-44.22,-22.26],[-44.25,-22.26],[-44.26,-22.25],[-44.29,-22.24],[-44.32,-22.25],[-44.36,-22.25],[-44.39,-22.26],[-44.44,-22.26],[-44.46,-22.27],[-44.5,-22.3],[-44.54,-22.33],[-44.57,-22.32],[-44.63,-22.34],[-44.65,-22.36],[-44.67,-22.37],[-44.71,-22.37],[-44.73,-22.36],[-44.77,-22.38],[-44.79,-22.39],[-44.81,-22.41],[-44.86,-22.43],[-44.94,-22.45],[-45.01,-22.47],[-45.04,-22.47],[-45.1,-22.49],[-45.16,-22.53],[-45.22,-22.56],[-45.26,-22.59],[-45.33,-22.62],[-45.36,-22.64],[-45.41,-22.65],[-45.44,-22.61],[-45.47,-22.59],[-45.5,-22.63],[-45.54,-22.65],[-45.58,-22.65],[-45.55,-22.63],[-45.58,-22.62],[-45.66,-22.65],[-45.67,-22.61],[-45.68,-22.57],[-45.73,-22.59],[-45.73,-22.62],[-45.69,-22.65],[-45.75,-22.67],[-45.77,-22.68],[-45.82,-22.71],[-45.76,-22.72],[-45.72,-22.75],[-45.71,-22.77],[-45.73,-22.79],[-45.72,-22.82],[-45.75,-22.79],[-45.77,-22.84],[-45.8,-22.83],[-45.83,-22.83],[-45.86,-22.85],[-45.88,-22.87],[-45.89,-22.84],[-45.92,-22.82],[-45.95,-22.85],[-45.98,-22.87],[-46.03,-22.88],[-46.11,-22.9],[-46.15,-22.91],[-46.19,-22.87],[-46.26,-22.89],[-46.29,-22.9],[-46.35,-22.9],[-46.38,-22.87],[-46.37,-22.86],[-46.36,-22.79],[-46.33,-22.77],[-46.38,-22.75],[-46.41,-22.74],[-46.44,-22.73],[-46.47,-22.7],[-46.47,-22.69],[-46.46,-22.67],[-46.42,-22.66],[-46.41,-22.67],[-46.41,-22.64],[-46.4,-22.62],[-46.42,-22.58],[-46.41,-22.54],[-46.44,-22.53],[-46.48,-22.52],[-46.54,-22.49],[-46.55,-22.47],[-46.57,-22.45],[-46.59,-22.44],[-46.62,-22.44],[-46.65,-22.42],[-46.66,-22.37],[-46.69,-22.35],[-46.69,-22.34],[-46.7,-22.32],[-46.72,-22.31],[-46.71,-22.28],[-46.69,-22.25],[-46.68,-22.22],[-46.67,-22.17],[-46.62,-22.15],[-46.62,-22.13],[-46.65,-22.09],[-46.7,-22.09],[-46.71,-22.07],[-46.66,-22.06],[-46.68,-22.03],[-46.65,-22.02],[-46.62,-22.02],[-46.62,-21.99],[-46.65,-21.94],[-46.66,-21.9],[-46.67,-21.85],[-46.67,-21.81],[-46.65,-21.78],[-46.63,-21.77],[-46.63,-21.7],[-46.57,-21.68],[-46.55,-21.64],[-46.52,-21.61],[-46.51,-21.57],[-46.52,-21.53],[-46.51,-21.49],[-46.52,-21.46],[-46.55,-21.44],[-46.58,-21.43],[-46.62,-21.43],[-46.64,-21.4],[-46.64,-21.37],[-46.68,-21.38],[-46.71,-21.39],[-46.76,-21.38],[-46.78,-21.36],[-46.79,-21.37],[-46.83,-21.38],[-46.86,-21.39],[-46.89,-21.41],[-46.91,-21.42],[-46.93,-21.42],[-46.96,-21.42],[-46.98,-21.42],[-47,-21.42],[-47.01,-21.4],[-47,-21.36],[-47.02,-21.32],[-47.04,-21.29],[-47.05,-21.25],[-47.07,-21.22],[-47.1,-21.21],[-47.12,-21.17],[-47.12,-21.11],[-47.14,-21.09],[-47.15,-21.04],[-47.15,-21.01],[-47.16,-20.97],[-47.19,-20.94],[-47.22,-20.91],[-47.22,-20.8],[-47.19,-20.77],[-47.17,-20.71],[-47.11,-20.71],[-47.1,-20.67],[-47.11,-20.63],[-47.13,-20.59],[-47.15,-20.53],[-47.21,-20.5],[-47.26,-20.47],[-47.29,-20.43],[-47.29,-20.42],[-47.29,-20.4],[-47.29,-20.38],[-47.29,-20.34],[-47.28,-20.31],[-47.25,-20.26],[-47.25,-20.19],[-47.33,-20.11],[-47.41,-20.08],[-47.43,-20.02],[-47.47,-19.96],[-47.5,-19.97],[-47.55,-19.99],[-47.61,-20.04],[-47.67,-20.02],[-47.73,-19.99],[-47.85,-19.99],[-47.87,-20.04],[-47.87,-20.08],[-47.94,-20.1],[-47.99,-20.04],[-48.03,-20.12],[-48.11,-20.14],[-48.17,-20.1],[-48.21,-20.03],[-48.25,-20.08],[-48.25,-20.14],[-48.31,-20.12],[-48.37,-20.12],[-48.49,-20.14],[-48.58,-20.13],[-48.66,-20.17],[-48.73,-20.15],[-48.85,-20.18],[-48.86,-20.23],[-48.88,-20.35],[-48.88,-20.43],[-48.97,-20.39],[-48.99,-20.17],[-49.06,-20.15],[-49.13,-20.28],[-49.22,-20.3],[-49.27,-20.23],[-49.3,-20.02],[-49.25,-20],[-49.26,-19.96],[-49.34,-19.98],[-49.49,-19.95],[-49.56,-19.91],[-49.71,-19.93],[-49.83,-19.93],[-49.9,-19.94],[-50.09,-19.88],[-50.21,-19.87],[-50.34,-19.87],[-50.37,-19.84],[-50.5,-19.8],[-50.56,-19.81],[-50.61,-19.86],[-50.78,-19.94],[-50.84,-19.97],[-50.9,-19.99],[-50.94,-20.02],[-51,-20.08],[-51,-20],[-51,-19.91],[-51.03,-19.79],[-51.04,-19.72],[-51,-19.64],[-50.95,-19.59],[-50.93,-19.54],[-50.95,-19.47],[-50.84,-19.46],[-50.86,-19.39],[-50.82,-19.29],[-50.74,-19.21],[-50.67,-19.16],[-50.65,-19.13],[-50.54,-19.1],[-50.5,-19.03],[-50.51,-18.94],[-50.44,-18.89],[-50.39,-18.82],[-50.31,-18.7],[-50.22,-18.68],[-50.06,-18.65],[-50.03,-18.6],[-49.96,-18.62],[-49.88,-18.61],[-49.86,-18.62],[-49.79,-18.64],[-49.76,-18.61],[-49.71,-18.59],[-49.64,-18.6],[-49.63,-18.55],[-49.55,-18.54],[-49.55,-18.51],[-49.49,-18.5],[-49.43,-18.61],[-49.37,-18.63],[-49.3,-18.57],[-49.24,-18.51],[-49.2,-18.44],[-49.19,-18.42],[-49.11,-18.39],[-49.1,-18.4],[-49.04,-18.38],[-49,-18.37],[-48.98,-18.34],[-48.92,-18.31],[-48.87,-18.33],[-48.8,-18.36],[-48.74,-18.35],[-48.69,-18.35],[-48.63,-18.33],[-48.55,-18.34],[-48.49,-18.35],[-48.45,-18.36],[-48.41,-18.36],[-48.34,-18.37],[-48.29,-18.35],[-48.23,-18.35],[-48.17,-18.37],[-48.13,-18.42],[-48.06,-18.41],[-48.01,-18.44],[-47.98,-18.45],[-47.96,-18.48],[-47.94,-18.49],[-47.9,-18.47],[-47.87,-18.47],[-47.87,-18.45],[-47.84,-18.45],[-47.83,-18.41],[-47.8,-18.42],[-47.75,-18.41],[-47.74,-18.38],[-47.7,-18.38],[-47.67,-18.36],[-47.63,-18.33],[-47.63,-18.3],[-47.62,-18.25],[-47.6,-18.25],[-47.58,-18.23],[-47.56,-18.21],[-47.53,-18.23],[-47.5,-18.19],[-47.49,-18.19],[-47.45,-18.16],[-47.43,-18.14],[-47.4,-18.14],[-47.39,-18.12],[-47.37,-18.11],[-47.35,-18.09],[-47.3,-18.06],[-47.28,-18.04],[-47.3,-18.01],[-47.32,-17.99],[-47.32,-17.96],[-47.34,-17.92],[-47.36,-17.89],[-47.37,-17.83],[-47.35,-17.81],[-47.35,-17.8],[-47.34,-17.77],[-47.34,-17.74],[-47.3,-17.69],[-47.27,-17.67],[-47.27,-17.64],[-47.31,-17.56],[-47.34,-17.53],[-47.41,-17.52],[-47.48,-17.51],[-47.5,-17.49],[-47.54,-17.45],[-47.53,-17.43],[-47.54,-17.41],[-47.54,-17.39],[-47.53,-17.38],[-47.52,-17.36],[-47.5,-17.34],[-47.46,-17.36],[-47.45,-17.34],[-47.43,-17.32],[-47.42,-17.3],[-47.42,-17.27],[-47.41,-17.26],[-47.39,-17.25],[-47.38,-17.22],[-47.36,-17.2],[-47.36,-17.19],[-47.35,-17.18],[-47.33,-17.16],[-47.3,-17.15],[-47.28,-17.13],[-47.28,-17.12],[-47.27,-17.11],[-47.25,-17.1],[-47.23,-17.09],[-47.23,-17.08],[-47.21,-17.07],[-47.19,-17.07],[-47.19,-17.06],[-47.18,-17.03],[-47.17,-17.04],[-47.16,-17.03],[-47.15,-17.02],[-47.14,-17],[-47.14,-16.99],[-47.15,-16.97],[-47.16,-16.94],[-47.17,-16.93],[-47.19,-16.91],[-47.19,-16.89],[-47.2,-16.87],[-47.21,-16.84],[-47.21,-16.82],[-47.22,-16.8],[-47.23,-16.76],[-47.22,-16.73],[-47.25,-16.71],[-47.26,-16.68],[-47.26,-16.66],[-47.28,-16.65],[-47.29,-16.63],[-47.3,-16.63],[-47.32,-16.62],[-47.34,-16.61],[-47.34,-16.59],[-47.38,-16.6],[-47.4,-16.58],[-47.41,-16.57],[-47.41,-16.56],[-47.43,-16.55],[-47.44,-16.54],[-47.45,-16.49],[-47.45,-16.46],[-47.43,-16.43],[-47.42,-16.38],[-47.37,-16.33],[-47.35,-16.29],[-47.33,-16.26],[-47.33,-16.21],[-47.33,-16.2],[-47.33,-16.18],[-47.34,-16.16],[-47.34,-16.15],[-47.34,-16.12],[-47.33,-16.1],[-47.32,-16.09],[-47.31,-16.07],[-47.31,-16.04],[-47.29,-16.01],[-47.25,-16.02],[-47.23,-16.01],[-47.21,-16],[-47.19,-15.98],[-47.19,-15.97],[-47.17,-15.96],[-47.15,-15.94],[-47.13,-15.93],[-47.13,-15.94],[-46.96,-15.92],[-46.81,-15.87],[-46.82,-15.81],[-46.84,-15.71],[-46.85,-15.62],[-46.95,-15.56],[-46.85,-15.37],[-46.85,-15.35],[-46.89,-15.26],[-46.93,-15.22],[-46.92,-15.17],[-46.9,-15.09],[-46.87,-15.03],[-46.75,-15.03],[-46.64,-15.09],[-46.59,-15.08],[-46.53,-15.06],[-46.53,-15.01],[-46.53,-14.96],[-46.54,-14.9],[-46.54,-14.83],[-46.56,-14.8],[-46.54,-14.75],[-46.51,-14.72],[-46.47,-14.7],[-46.45,-14.73],[-46.39,-14.78],[-46.37,-14.79],[-46.33,-14.81],[-46.32,-14.85],[-46.32,-14.88],[-46.29,-14.92],[-46.24,-14.92],[-46.21,-14.94],[-46.16,-14.91],[-46.12,-14.92],[-46.07,-14.91],[-46.04,-14.87],[-46,-14.93],[-45.97,-15],[-46.02,-15.09],[-46.04,-15.14],[-46.08,-15.18],[-46.12,-15.2],[-46.09,-15.25],[-46.06,-15.25],[-46.04,-15.22],[-46,-15.2],[-45.98,-15.18],[-45.96,-15.15],[-45.86,-15.14],[-45.83,-15.12],[-45.8,-15.12],[-45.74,-15.12],[-45.72,-15.1],[-45.69,-15.09],[-45.67,-15.08],[-45.65,-15.03],[-45.6,-15],[-45.59,-14.98],[-45.57,-14.96],[-45.52,-14.95],[-45.47,-14.95],[-45.44,-14.93],[-45.38,-14.9],[-45.36,-14.88],[-45.33,-14.86],[-45.32,-14.83],[-45.29,-14.83],[-45.27,-14.81],[-45.26,-14.79],[-45.23,-14.77],[-45.19,-14.74],[-45.16,-14.73],[-45.08,-14.75],[-45.04,-14.69],[-45,-14.66],[-44.97,-14.65],[-44.95,-14.63],[-44.94,-14.63],[-44.91,-14.6],[-44.88,-14.6],[-44.84,-14.58],[-44.85,-14.57],[-44.84,-14.54],[-44.83,-14.53],[-44.83,-14.51],[-44.82,-14.49],[-44.79,-14.49],[-44.76,-14.48],[-44.75,-14.47],[-44.72,-14.46],[-44.7,-14.45],[-44.69,-14.42],[-44.66,-14.42],[-44.65,-14.4],[-44.64,-14.39],[-44.62,-14.37],[-44.59,-14.35],[-44.56,-14.35],[-44.54,-14.34],[-44.52,-14.33],[-44.5,-14.32],[-44.47,-14.32],[-44.45,-14.31],[-44.4,-14.27],[-44.38,-14.27],[-44.35,-14.27],[-44.35,-14.26],[-44.32,-14.24],[-44.28,-14.25],[-44.25,-14.25],[-44.24,-14.25],[-44.21,-14.24]]]]}},{"type":"Feature","properties":{"sigla":"MS","name":"Mato Grosso do Sul"},"geometry":{"type":"MultiPolygon","coordinates":[[[[-53.87,-17.92],[-53.86,-17.92],[-53.84,-17.93],[-53.83,-17.94],[-53.82,-17.96],[-53.81,-17.97],[-53.8,-17.98],[-53.79,-17.99],[-53.73,-18],[-53.72,-18.01],[-53.69,-18],[-53.67,-17.99],[-53.61,-17.99],[-53.57,-18.01],[-53.55,-18.01],[-53.5,-18.03],[-53.47,-18.02],[-53.45,-18],[-53.43,-17.99],[-53.41,-17.99],[-53.34,-18.01],[-53.22,-18.01],[-53.19,-18.04],[-53.08,-18.05],[-53.14,-18.12],[-53.11,-18.26],[-53.07,-18.34],[-53.01,-18.33],[-52.94,-18.3],[-52.8,-18.32],[-52.76,-18.37],[-52.88,-18.47],[-52.96,-18.54],[-52.95,-18.58],[-52.92,-18.61],[-52.87,-18.65],[-52.83,-18.67],[-52.77,-18.68],[-52.72,-18.69],[-52.64,-18.69],[-52.59,-18.69],[-52.56,-18.66],[-52.5,-18.67],[-52.41,-18.74],[-52.4,-18.76],[-52.38,-18.79],[-52.37,-18.8],[-52.35,-18.81],[-52.31,-18.84],[-52.26,-18.83],[-52.21,-18.85],[-52.19,-18.85],[-52.17,-18.86],[-52.16,-18.88],[-52.14,-18.89],[-52.11,-18.91],[-52.09,-18.94],[-52.06,-18.95],[-52.04,-18.96],[-52.01,-18.97],[-52,-18.97],[-51.97,-18.97],[-51.95,-18.98],[-51.93,-18.98],[-51.9,-18.99],[-51.88,-19.02],[-51.85,-19.05],[-51.84,-19.05],[-51.8,-19.07],[-51.79,-19.08],[-51.76,-19.09],[-51.73,-19.1],[-51.71,-19.1],[-51.69,-19.12],[-51.62,-19.14],[-51.59,-19.13],[-51.55,-19.14],[-51.51,-19.15],[-51.49,-19.16],[-51.46,-19.16],[-51.43,-19.17],[-51.41,-19.18],[-51.37,-19.2],[-51.35,-19.22],[-51.31,-19.22],[-51.28,-19.25],[-51.25,-19.27],[-51.22,-19.26],[-51.2,-19.26],[-51.17,-19.29],[-51.1,-19.31],[-51.07,-19.32],[-51.05,-19.34],[-51.03,-19.36],[-51.03,-19.4],[-51,-19.41],[-50.95,-19.44],[-50.96,-19.48],[-50.93,-19.55],[-50.95,-19.59],[-51.01,-19.65],[-51.04,-19.72],[-51.03,-19.79],[-51,-19.92],[-51.01,-20.02],[-51,-20.1],[-51.05,-20.2],[-51.13,-20.29],[-51.31,-20.33],[-51.36,-20.38],[-51.41,-20.46],[-51.49,-20.55],[-51.58,-20.62],[-51.62,-20.78],[-51.63,-20.85],[-51.63,-20.95],[-51.77,-21.05],[-51.82,-21.13],[-51.88,-21.18],[-51.86,-21.3],[-51.92,-21.42],[-51.97,-21.5],[-52.1,-21.56],[-52.05,-21.64],[-52.1,-21.74],[-52.18,-21.82],[-52.26,-21.91],[-52.34,-22.06],[-52.48,-22.2],[-52.55,-22.24],[-52.69,-22.31],[-52.85,-22.44],[-53,-22.5],[-53.11,-22.61],[-53.2,-22.73],[-53.38,-22.8],[-53.44,-22.84],[-53.56,-22.91],[-53.61,-22.95],[-53.63,-23],[-53.68,-23.21],[-53.77,-23.37],[-53.96,-23.44],[-54.01,-23.54],[-54.05,-23.69],[-54.08,-23.83],[-54.1,-23.95],[-54.25,-24.05],[-54.3,-24.06],[-54.32,-24.03],[-54.34,-24],[-54.37,-23.99],[-54.39,-23.97],[-54.43,-23.93],[-54.43,-23.91],[-54.48,-23.89],[-54.5,-23.88],[-54.53,-23.87],[-54.55,-23.87],[-54.57,-23.86],[-54.59,-23.84],[-54.62,-23.84],[-54.65,-23.83],[-54.67,-23.81],[-54.69,-23.83],[-54.72,-23.86],[-54.75,-23.86],[-54.79,-23.87],[-54.8,-23.88],[-54.83,-23.88],[-54.85,-23.89],[-54.87,-23.91],[-54.9,-23.91],[-54.92,-23.93],[-54.94,-23.96],[-54.97,-23.96],[-55,-23.96],[-55.04,-23.98],[-55.05,-23.98],[-55.07,-23.98],[-55.1,-23.97],[-55.12,-23.98],[-55.15,-23.99],[-55.17,-23.99],[-55.2,-23.99],[-55.25,-24],[-55.27,-23.98],[-55.3,-23.97],[-55.32,-23.97],[-55.35,-23.99],[-55.38,-23.98],[-55.39,-23.97],[-55.42,-23.96],[-55.43,-23.93],[-55.44,-23.91],[-55.44,-23.87],[-55.44,-23.82],[-55.44,-23.8],[-55.44,-23.77],[-55.45,-23.74],[-55.45,-23.71],[-55.46,-23.69],[-55.47,-23.66],[-55.49,-23.64],[-55.51,-23.63],[-55.53,-23.63],[-55.53,-23.59],[-55.53,-23.55],[-55.54,-23.52],[-55.56,-23.49],[-55.54,-23.46],[-55.52,-23.41],[-55.51,-23.38],[-55.52,-23.35],[-55.54,-23.33],[-55.55,-23.3],[-55.55,-23.27],[-55.54,-23.25],[-55.54,-23.22],[-55.53,-23.21],[-55.54,-23.18],[-55.54,-23.17],[-55.57,-23.14],[-55.6,-23.13],[-55.6,-23.1],[-55.61,-23.05],[-55.63,-23.03],[-55.62,-22.99],[-55.64,-22.96],[-55.64,-22.94],[-55.65,-22.91],[-55.66,-22.88],[-55.66,-22.86],[-55.66,-22.83],[-55.66,-22.81],[-55.64,-22.78],[-55.62,-22.77],[-55.61,-22.74],[-55.61,-22.72],[-55.61,-22.69],[-55.61,-22.66],[-55.63,-22.62],[-55.66,-22.6],[-55.68,-22.59],[-55.69,-22.57],[-55.72,-22.55],[-55.75,-22.5],[-55.74,-22.46],[-55.74,-22.44],[-55.74,-22.4],[-55.76,-22.39],[-55.78,-22.38],[-55.8,-22.37],[-55.81,-22.35],[-55.83,-22.31],[-55.87,-22.28],[-55.91,-22.28],[-55.95,-22.29],[-55.98,-22.28],[-56,-22.29],[-56.03,-22.28],[-56.07,-22.28],[-56.09,-22.28],[-56.11,-22.27],[-56.13,-22.28],[-56.15,-22.28],[-56.17,-22.29],[-56.19,-22.27],[-56.21,-22.27],[-56.23,-22.25],[-56.25,-22.24],[-56.27,-22.23],[-56.29,-22.22],[-56.32,-22.21],[-56.34,-22.18],[-56.37,-22.16],[-56.37,-22.14],[-56.38,-22.1],[-56.39,-22.09],[-56.4,-22.08],[-56.43,-22.08],[-56.44,-22.08],[-56.45,-22.08],[-56.48,-22.09],[-56.49,-22.09],[-56.52,-22.12],[-56.52,-22.13],[-56.54,-22.15],[-56.54,-22.16],[-56.55,-22.18],[-56.56,-22.2],[-56.58,-22.21],[-56.59,-22.22],[-56.61,-22.23],[-56.63,-22.25],[-56.64,-22.25],[-56.64,-22.26],[-56.68,-22.25],[-56.69,-22.22],[-56.69,-22.23],[-56.71,-22.25],[-56.73,-22.25],[-56.75,-22.23],[-56.76,-22.25],[-56.78,-22.26],[-56.78,-22.24],[-56.8,-22.26],[-56.81,-22.29],[-56.85,-22.3],[-56.88,-22.28],[-56.88,-22.26],[-56.9,-22.26],[-56.92,-22.26],[-56.95,-22.26],[-56.97,-22.24],[-56.99,-22.24],[-57.01,-22.23],[-57.03,-22.23],[-57.06,-22.23],[-57.07,-22.24],[-57.09,-22.24],[-57.11,-22.23],[-57.14,-22.23],[-57.16,-22.23],[-57.18,-22.23],[-57.2,-22.21],[-57.21,-22.22],[-57.24,-22.25],[-57.27,-22.24],[-57.28,-22.23],[-57.3,-22.22],[-57.31,-22.23],[-57.33,-22.24],[-57.34,-22.23],[-57.36,-22.23],[-57.37,-22.22],[-57.39,-22.21],[-57.4,-22.2],[-57.42,-22.2],[-57.44,-22.2],[-57.46,-22.19],[-57.48,-22.19],[-57.49,-22.18],[-57.52,-22.17],[-57.54,-22.18],[-57.57,-22.17],[-57.59,-22.15],[-57.59,-22.14],[-57.6,-22.13],[-57.61,-22.12],[-57.62,-22.1],[-57.67,-22.1],[-57.7,-22.1],[-57.72,-22.11],[-57.74,-22.12],[-57.74,-22.13],[-57.78,-22.13],[-57.8,-22.15],[-57.82,-22.13],[-57.86,-22.13],[-57.88,-22.13],[-57.92,-22.11],[-57.93,-22.1],[-57.95,-22.09],[-57.97,-22.09],[-57.99,-22.08],[-57.99,-22.06],[-58,-22.03],[-57.97,-22.01],[-57.96,-21.97],[-57.94,-21.91],[-57.93,-21.89],[-57.93,-21.87],[-57.97,-21.84],[-57.92,-21.81],[-57.93,-21.76],[-57.94,-21.73],[-57.9,-21.7],[-57.89,-21.68],[-57.93,-21.65],[-57.93,-21.61],[-57.91,-21.59],[-57.96,-21.56],[-57.97,-21.53],[-57.95,-21.5],[-57.92,-21.46],[-57.91,-21.42],[-57.88,-21.37],[-57.85,-21.32],[-57.89,-21.31],[-57.91,-21.27],[-57.86,-21.24],[-57.85,-21.17],[-57.86,-21.12],[-57.85,-21.09],[-57.86,-21.07],[-57.85,-21.03],[-57.84,-21.01],[-57.82,-20.96],[-57.83,-20.94],[-57.87,-20.94],[-57.88,-20.91],[-57.91,-20.9],[-57.9,-20.88],[-57.86,-20.85],[-57.87,-20.81],[-57.92,-20.79],[-57.95,-20.8],[-57.94,-20.76],[-57.91,-20.74],[-57.86,-20.75],[-57.89,-20.7],[-57.92,-20.66],[-57.94,-20.68],[-57.98,-20.7],[-57.98,-20.66],[-58,-20.63],[-58.01,-20.59],[-58,-20.57],[-58.02,-20.52],[-57.99,-20.45],[-58.01,-20.42],[-58.04,-20.4],[-58.08,-20.37],[-58.1,-20.32],[-58.09,-20.26],[-58.12,-20.25],[-58.15,-20.27],[-58.16,-20.23],[-58.14,-20.21],[-58.14,-20.18],[-58.17,-20.17],[-58.13,-20.15],[-58.1,-20.12],[-58.06,-20.11],[-58.04,-20.07],[-58,-20.06],[-57.97,-20.03],[-57.91,-20.03],[-57.88,-20.01],[-58.13,-19.76],[-57.7,-19.01],[-57.7,-18.98],[-57.56,-18.24],[-57.46,-18.23],[-57.47,-18.21],[-57.49,-18.2],[-57.62,-18],[-57.72,-17.77],[-57.73,-17.71],[-57.75,-17.68],[-57.77,-17.66],[-57.77,-17.63],[-57.78,-17.61],[-57.78,-17.59],[-57.78,-17.58],[-57.79,-17.56],[-57.77,-17.56],[-57.73,-17.53],[-57.7,-17.58],[-57.69,-17.63],[-57.68,-17.65],[-57.68,-17.66],[-57.67,-17.68],[-57.67,-17.73],[-57.64,-17.72],[-57.62,-17.75],[-57.6,-17.78],[-57.57,-17.81],[-57.53,-17.84],[-57.48,-17.88],[-57.44,-17.87],[-57.4,-17.85],[-57.39,-17.84],[-57.35,-17.84],[-57.32,-17.82],[-57.29,-17.82],[-57.26,-17.82],[-57.25,-17.79],[-57.2,-17.79],[-57.13,-17.77],[-57.09,-17.76],[-57.07,-17.73],[-57.03,-17.69],[-57.01,-17.67],[-56.96,-17.61],[-56.98,-17.6],[-56.96,-17.57],[-56.9,-17.54],[-56.87,-17.52],[-56.85,-17.49],[-56.83,-17.46],[-56.83,-17.44],[-56.84,-17.42],[-56.79,-17.38],[-56.76,-17.35],[-56.74,-17.32],[-56.71,-17.32],[-56.68,-17.32],[-56.66,-17.33],[-56.64,-17.33],[-56.63,-17.33],[-56.61,-17.33],[-56.57,-17.31],[-56.53,-17.32],[-56.51,-17.29],[-56.47,-17.31],[-56.46,-17.31],[-56.43,-17.32],[-56.4,-17.31],[-56.36,-17.27],[-56.35,-17.28],[-56.3,-17.28],[-56.28,-17.25],[-56.26,-17.24],[-56.25,-17.23],[-56.22,-17.23],[-56.21,-17.21],[-56.19,-17.21],[-56.16,-17.19],[-56.14,-17.19],[-56.12,-17.18],[-56.07,-17.17],[-56.05,-17.17],[-56.02,-17.21],[-56.01,-17.24],[-55.99,-17.24],[-55.98,-17.25],[-55.95,-17.26],[-55.92,-17.26],[-55.89,-17.27],[-55.88,-17.27],[-55.84,-17.3],[-55.83,-17.3],[-55.8,-17.3],[-55.77,-17.33],[-55.72,-17.35],[-55.69,-17.34],[-55.67,-17.34],[-55.65,-17.35],[-55.64,-17.34],[-55.61,-17.36],[-55.59,-17.38],[-55.59,-17.4],[-55.58,-17.42],[-55.56,-17.44],[-55.55,-17.45],[-55.54,-17.46],[-55.52,-17.48],[-55.49,-17.48],[-55.46,-17.5],[-55.43,-17.51],[-55.41,-17.51],[-55.39,-17.52],[-55.36,-17.53],[-55.33,-17.55],[-55.3,-17.55],[-55.28,-17.56],[-55.27,-17.57],[-55.25,-17.58],[-55.24,-17.6],[-55.23,-17.6],[-55.21,-17.61],[-55.19,-17.62],[-55.17,-17.63],[-55.17,-17.64],[-55.14,-17.64],[-55.11,-17.63],[-55.08,-17.63],[-55.06,-17.64],[-55.04,-17.64],[-55.02,-17.63],[-55.01,-17.63],[-54.99,-17.63],[-54.97,-17.62],[-54.95,-17.61],[-54.86,-17.62],[-54.82,-17.61],[-54.79,-17.58],[-54.76,-17.55],[-54.73,-17.52],[-54.7,-17.5],[-54.66,-17.5],[-54.62,-17.49],[-54.57,-17.47],[-54.54,-17.48],[-54.49,-17.49],[-54.48,-17.51],[-54.47,-17.53],[-54.41,-17.55],[-54.38,-17.58],[-54.38,-17.59],[-54.37,-17.61],[-54.33,-17.66],[-54.29,-17.66],[-54.22,-17.62],[-54.2,-17.61],[-54.16,-17.61],[-54.14,-17.61],[-54.11,-17.61],[-54.07,-17.59],[-54.05,-17.53],[-54.05,-17.51],[-54.03,-17.48],[-53.97,-17.47],[-53.93,-17.44],[-53.91,-17.41],[-53.86,-17.36],[-53.8,-17.29],[-53.76,-17.24],[-53.69,-17.25],[-53.73,-17.66],[-53.8,-17.67],[-53.86,-17.71],[-53.88,-17.74],[-53.91,-17.79],[-53.94,-17.85],[-53.95,-17.87],[-53.94,-17.91],[-53.93,-17.91],[-53.91,-17.91],[-53.88,-17.92],[-53.87,-17.92]]],[[[-53.87,-17.92]]]]}},{"type":"Feature","properties":{"sigla":"MT","name":"Mato Grosso"},"geometry":{"type":"MultiPolygon","coordinates":[[[[-60.36,-13.3],[-60.34,-13.27],[-60.32,-13.23],[-60.31,-13.19],[-60.28,-13.14],[-60.28,-13.1],[-60.26,-13.06],[-60.24,-13.03],[-60.21,-13.03],[-60.2,-12.99],[-60.17,-12.97],[-60.14,-12.97],[-60.09,-12.9],[-60.08,-12.79],[-60.09,-12.72],[-60.06,-12.64],[-60.04,-12.6],[-60.01,-12.55],[-59.94,-12.49],[-59.91,-12.48],[-59.87,-12.48],[-59.84,-12.42],[-59.82,-12.39],[-59.8,-12.36],[-59.89,-12.25],[-59.91,-12.19],[-59.92,-12.1],[-59.95,-12.07],[-59.97,-12.05],[-59.97,-12],[-59.97,-11.98],[-59.98,-11.95],[-59.99,-11.93],[-60.02,-11.89],[-60.04,-11.9],[-60.08,-11.88],[-60.08,-11.87],[-60.09,-11.85],[-60.1,-11.84],[-60.1,-11.82],[-60.1,-11.8],[-60.1,-11.79],[-60.1,-11.78],[-60.11,-11.77],[-60.11,-11.76],[-60.11,-11.73],[-60.12,-11.7],[-60.12,-11.68],[-60.11,-11.64],[-60.11,-11.62],[-60.11,-11.6],[-60.1,-11.58],[-60.09,-11.57],[-60.09,-11.56],[-60.05,-11.53],[-60.03,-11.5],[-60.01,-11.49],[-59.95,-11.44],[-59.93,-11.42],[-59.92,-11.38],[-59.92,-11.35],[-59.96,-11.29],[-59.97,-11.25],[-59.97,-11.2],[-59.98,-11.18],[-59.99,-11.15],[-59.98,-11.12],[-60.02,-11.12],[-60.04,-11.12],[-60.09,-11.1],[-60.12,-11.11],[-60.15,-11.1],[-60.19,-11.1],[-60.23,-11.1],[-60.28,-11.09],[-60.31,-11.06],[-60.35,-11.1],[-60.38,-11.1],[-60.41,-11.07],[-60.43,-11.04],[-60.44,-11.02],[-60.97,-10.99],[-61.55,-10.98],[-61.53,-10.96],[-61.51,-10.91],[-61.52,-10.89],[-61.51,-10.83],[-61.49,-10.78],[-61.48,-10.76],[-61.48,-10.72],[-61.49,-10.68],[-61.48,-10.64],[-61.48,-10.59],[-61.47,-10.54],[-61.48,-10.45],[-61.47,-10.42],[-61.48,-10.4],[-61.5,-10.38],[-61.53,-10.33],[-61.54,-10.3],[-61.58,-10.23],[-61.55,-10.2],[-61.59,-10.16],[-61.59,-10.11],[-61.58,-10.08],[-61.54,-10],[-61.54,-9.96],[-61.53,-9.93],[-61.51,-9.89],[-61.53,-9.82],[-61.55,-9.79],[-61.57,-9.73],[-61.53,-9.71],[-61.5,-9.66],[-61.49,-9.63],[-61.5,-9.57],[-61.51,-9.54],[-61.55,-9.51],[-61.57,-9.48],[-61.56,-9.44],[-61.58,-9.37],[-61.62,-9.34],[-61.61,-9.28],[-61.63,-9.26],[-61.54,-9.24],[-61.52,-9.18],[-61.56,-9.13],[-61.55,-9.07],[-61.51,-8.98],[-61.48,-8.91],[-61.53,-8.82],[-61.57,-8.8],[-60.75,-8.8],[-58.5,-8.8],[-58.42,-8.79],[-58.35,-8.7],[-58.41,-8.64],[-58.4,-8.58],[-58.42,-8.51],[-58.39,-8.45],[-58.35,-8.38],[-58.33,-8.34],[-58.33,-8.29],[-58.31,-8.21],[-58.29,-8.14],[-58.29,-8.09],[-58.32,-8],[-58.37,-7.86],[-58.29,-7.77],[-58.28,-7.7],[-58.2,-7.62],[-58.21,-7.46],[-58.14,-7.35],[-58.03,-7.45],[-57.93,-7.66],[-57.84,-7.86],[-57.83,-7.97],[-57.7,-8.17],[-57.64,-8.22],[-57.67,-8.31],[-57.67,-8.37],[-57.68,-8.44],[-57.64,-8.51],[-57.65,-8.55],[-57.62,-8.62],[-57.6,-8.74],[-57.46,-8.78],[-57.42,-8.8],[-57.38,-8.88],[-57.3,-8.91],[-57.14,-8.99],[-57.06,-9.06],[-57.04,-9.11],[-57.06,-9.18],[-57.03,-9.21],[-56.94,-9.23],[-56.82,-9.25],[-56.78,-9.32],[-56.77,-9.38],[-56.71,-9.38],[-55,-9.51],[-53.34,-9.63],[-51.3,-9.77],[-50.23,-9.85],[-50.27,-9.94],[-50.29,-10],[-50.35,-10.08],[-50.39,-10.13],[-50.4,-10.25],[-50.44,-10.38],[-50.48,-10.49],[-50.52,-10.54],[-50.54,-10.61],[-50.6,-10.67],[-50.58,-10.73],[-50.6,-10.8],[-50.62,-10.86],[-50.63,-10.93],[-50.62,-11],[-50.61,-11.07],[-50.66,-11.13],[-50.65,-11.22],[-50.68,-11.29],[-50.71,-11.34],[-50.74,-11.44],[-50.72,-11.58],[-50.66,-11.62],[-50.69,-11.7],[-50.71,-11.77],[-50.69,-11.83],[-50.64,-11.89],[-50.67,-11.93],[-50.67,-11.98],[-50.68,-12.02],[-50.67,-12.06],[-50.67,-12.14],[-50.69,-12.2],[-50.63,-12.27],[-50.64,-12.34],[-50.63,-12.42],[-50.65,-12.46],[-50.68,-12.55],[-50.67,-12.6],[-50.7,-12.62],[-50.65,-12.66],[-50.63,-12.7],[-50.64,-12.77],[-50.62,-12.8],[-50.6,-12.8],[-50.53,-12.84],[-50.5,-12.87],[-50.52,-12.93],[-50.54,-12.98],[-50.59,-13.02],[-50.61,-13.06],[-50.6,-13.18],[-50.58,-13.22],[-50.62,-13.33],[-50.67,-13.39],[-50.68,-13.44],[-50.76,-13.53],[-50.82,-13.71],[-50.85,-13.77],[-50.84,-13.86],[-50.84,-13.93],[-50.85,-14],[-50.85,-14.11],[-50.91,-14.11],[-50.93,-14.18],[-50.98,-14.36],[-50.99,-14.45],[-50.97,-14.5],[-51.02,-14.66],[-51.05,-14.75],[-51.07,-14.81],[-51.08,-14.91],[-51.15,-14.98],[-51.3,-15.02],[-51.34,-14.97],[-51.37,-15.01],[-51.45,-15.03],[-51.55,-15.11],[-51.62,-15.16],[-51.67,-15.25],[-51.68,-15.29],[-51.67,-15.37],[-51.69,-15.43],[-51.73,-15.51],[-51.75,-15.55],[-51.76,-15.65],[-51.83,-15.74],[-51.87,-15.79],[-51.89,-15.83],[-51.96,-15.84],[-52.06,-15.89],[-52.11,-15.88],[-52.24,-15.89],[-52.26,-15.93],[-52.29,-15.97],[-52.32,-16.04],[-52.36,-16.08],[-52.44,-16.11],[-52.5,-16.14],[-52.53,-16.16],[-52.55,-16.19],[-52.57,-16.23],[-52.57,-16.26],[-52.61,-16.27],[-52.66,-16.28],[-52.68,-16.34],[-52.68,-16.38],[-52.64,-16.41],[-52.62,-16.45],[-52.6,-16.46],[-52.62,-16.5],[-52.63,-16.53],[-52.65,-16.55],[-52.66,-16.57],[-52.68,-16.58],[-52.71,-16.6],[-52.74,-16.6],[-52.73,-16.63],[-52.74,-16.66],[-52.76,-16.67],[-52.79,-16.72],[-52.81,-16.74],[-52.84,-16.77],[-52.86,-16.77],[-52.89,-16.79],[-52.93,-16.82],[-52.94,-16.81],[-52.95,-16.84],[-52.96,-16.85],[-52.96,-16.87],[-53.01,-16.86],[-53.01,-16.88],[-53.02,-16.9],[-53.04,-16.93],[-53.04,-16.95],[-53.05,-16.99],[-53.06,-17.02],[-53.07,-17.04],[-53.07,-17.05],[-53.06,-17.07],[-53.07,-17.08],[-53.08,-17.09],[-53.09,-17.09],[-53.1,-17.11],[-53.12,-17.12],[-53.13,-17.15],[-53.14,-17.16],[-53.16,-17.19],[-53.17,-17.22],[-53.2,-17.26],[-53.22,-17.3],[-53.22,-17.33],[-53.2,-17.34],[-53.2,-17.36],[-53.2,-17.37],[-53.21,-17.39],[-53.21,-17.41],[-53.23,-17.44],[-53.24,-17.49],[-53.24,-17.51],[-53.24,-17.54],[-53.24,-17.57],[-53.24,-17.58],[-53.24,-17.6],[-53.25,-17.64],[-53.24,-17.67],[-53.24,-17.69],[-53.24,-17.71],[-53.2,-17.74],[-53.18,-17.75],[-53.16,-17.79],[-53.13,-17.89],[-53.08,-17.97],[-53.18,-18.04],[-53.21,-18.02],[-53.34,-18.01],[-53.4,-17.99],[-53.43,-17.99],[-53.45,-17.99],[-53.46,-18.02],[-53.5,-18.04],[-53.55,-18.01],[-53.57,-18.01],[-53.61,-17.99],[-53.66,-17.99],[-53.68,-18],[-53.7,-18.01],[-53.73,-18],[-53.78,-17.99],[-53.8,-17.98],[-53.81,-17.97],[-53.82,-17.96],[-53.83,-17.94],[-53.84,-17.94],[-53.85,-17.93],[-53.87,-17.92],[-53.88,-17.92],[-53.91,-17.91],[-53.93,-17.91],[-53.94,-17.91],[-53.95,-17.87],[-53.94,-17.85],[-53.91,-17.79],[-53.88,-17.74],[-53.86,-17.71],[-53.8,-17.67],[-53.73,-17.66],[-53.69,-17.25],[-53.76,-17.24],[-53.8,-17.29],[-53.86,-17.36],[-53.91,-17.41],[-53.93,-17.44],[-53.97,-17.47],[-54.03,-17.48],[-54.05,-17.51],[-54.05,-17.53],[-54.07,-17.59],[-54.11,-17.61],[-54.14,-17.61],[-54.16,-17.61],[-54.2,-17.61],[-54.22,-17.62],[-54.29,-17.66],[-54.33,-17.66],[-54.37,-17.61],[-54.38,-17.59],[-54.38,-17.58],[-54.41,-17.55],[-54.47,-17.53],[-54.48,-17.51],[-54.49,-17.49],[-54.54,-17.48],[-54.57,-17.47],[-54.62,-17.49],[-54.66,-17.5],[-54.7,-17.5],[-54.73,-17.52],[-54.76,-17.55],[-54.79,-17.58],[-54.82,-17.61],[-54.86,-17.62],[-54.95,-17.61],[-54.97,-17.62],[-54.99,-17.63],[-55.01,-17.63],[-55.02,-17.63],[-55.04,-17.64],[-55.06,-17.64],[-55.08,-17.63],[-55.11,-17.63],[-55.14,-17.64],[-55.17,-17.64],[-55.17,-17.63],[-55.19,-17.62],[-55.21,-17.61],[-55.23,-17.6],[-55.24,-17.6],[-55.25,-17.58],[-55.27,-17.57],[-55.28,-17.56],[-55.3,-17.55],[-55.33,-17.55],[-55.36,-17.53],[-55.39,-17.52],[-55.41,-17.51],[-55.43,-17.51],[-55.46,-17.5],[-55.49,-17.48],[-55.52,-17.48],[-55.54,-17.46],[-55.55,-17.45],[-55.56,-17.44],[-55.58,-17.42],[-55.59,-17.4],[-55.59,-17.38],[-55.61,-17.36],[-55.64,-17.34],[-55.65,-17.35],[-55.67,-17.34],[-55.69,-17.34],[-55.72,-17.35],[-55.77,-17.33],[-55.8,-17.3],[-55.83,-17.3],[-55.84,-17.3],[-55.88,-17.27],[-55.89,-17.27],[-55.92,-17.26],[-55.95,-17.26],[-55.98,-17.25],[-55.99,-17.24],[-56.01,-17.24],[-56.02,-17.21],[-56.05,-17.17],[-56.07,-17.17],[-56.12,-17.18],[-56.14,-17.19],[-56.16,-17.19],[-56.19,-17.21],[-56.21,-17.21],[-56.22,-17.23],[-56.25,-17.23],[-56.26,-17.24],[-56.28,-17.25],[-56.3,-17.28],[-56.35,-17.28],[-56.36,-17.27],[-56.4,-17.31],[-56.43,-17.32],[-56.46,-17.31],[-56.47,-17.31],[-56.51,-17.29],[-56.53,-17.32],[-56.57,-17.31],[-56.61,-17.33],[-56.63,-17.33],[-56.64,-17.33],[-56.66,-17.33],[-56.68,-17.32],[-56.71,-17.32],[-56.74,-17.32],[-56.76,-17.35],[-56.79,-17.38],[-56.84,-17.42],[-56.83,-17.44],[-56.83,-17.46],[-56.85,-17.49],[-56.87,-17.52],[-56.9,-17.54],[-56.96,-17.57],[-56.98,-17.6],[-56.96,-17.61],[-57.01,-17.67],[-57.03,-17.69],[-57.07,-17.73],[-57.09,-17.76],[-57.13,-17.77],[-57.2,-17.79],[-57.25,-17.79],[-57.26,-17.82],[-57.29,-17.82],[-57.32,-17.82],[-57.35,-17.84],[-57.39,-17.84],[-57.4,-17.85],[-57.44,-17.87],[-57.48,-17.88],[-57.53,-17.84],[-57.57,-17.81],[-57.6,-17.78],[-57.62,-17.75],[-57.64,-17.72],[-57.67,-17.73],[-57.67,-17.68],[-57.68,-17.66],[-57.68,-17.65],[-57.69,-17.63],[-57.7,-17.58],[-57.73,-17.53],[-57.88,-17.45],[-57.99,-17.51],[-58.03,-17.5],[-58.05,-17.47],[-58.07,-17.45],[-58.11,-17.45],[-58.14,-17.41],[-58.15,-17.38],[-58.18,-17.39],[-58.2,-17.37],[-58.22,-17.36],[-58.24,-17.35],[-58.26,-17.34],[-58.28,-17.32],[-58.29,-17.3],[-58.29,-17.29],[-58.32,-17.27],[-58.33,-17.25],[-58.35,-17.23],[-58.36,-17.21],[-58.38,-17.19],[-58.4,-17.14],[-58.39,-17.11],[-58.41,-17.11],[-58.42,-17.09],[-58.43,-17.07],[-58.42,-17.05],[-58.43,-17.04],[-58.43,-17.03],[-58.43,-17],[-58.43,-16.99],[-58.45,-16.97],[-58.46,-16.95],[-58.46,-16.94],[-58.47,-16.92],[-58.46,-16.9],[-58.46,-16.87],[-58.46,-16.85],[-58.48,-16.82],[-58.46,-16.79],[-58.47,-16.74],[-58.47,-16.71],[-58.46,-16.65],[-58.39,-16.55],[-58.35,-16.52],[-58.35,-16.45],[-58.34,-16.39],[-58.31,-16.37],[-58.3,-16.33],[-58.32,-16.27],[-58.35,-16.27],[-58.39,-16.27],[-58.41,-16.31],[-59.54,-16.28],[-60.17,-16.27],[-60.52,-15.16],[-60.56,-15.12],[-60.28,-14.62],[-60.32,-14.61],[-60.33,-14.57],[-60.33,-14.56],[-60.34,-14.54],[-60.34,-14.52],[-60.35,-14.5],[-60.36,-14.48],[-60.38,-14.46],[-60.38,-14.44],[-60.4,-14.43],[-60.4,-14.42],[-60.4,-14.39],[-60.39,-14.38],[-60.4,-14.37],[-60.41,-14.36],[-60.42,-14.35],[-60.43,-14.34],[-60.44,-14.32],[-60.46,-14.3],[-60.46,-14.27],[-60.45,-14.24],[-60.46,-14.22],[-60.47,-14.19],[-60.49,-14.18],[-60.47,-14.15],[-60.48,-14.13],[-60.48,-14.11],[-60.47,-14.09],[-60.45,-14.09],[-60.43,-14.06],[-60.42,-14.04],[-60.4,-14.02],[-60.39,-13.99],[-60.39,-13.98],[-60.42,-13.97],[-60.42,-13.95],[-60.43,-13.94],[-60.45,-13.94],[-60.45,-13.9],[-60.46,-13.88],[-60.47,-13.87],[-60.47,-13.86],[-60.49,-13.85],[-60.47,-13.83],[-60.49,-13.82],[-60.47,-13.82],[-60.47,-13.8],[-60.5,-13.79],[-60.52,-13.78],[-60.55,-13.77],[-60.56,-13.77],[-60.57,-13.76],[-60.58,-13.75],[-60.61,-13.74],[-60.62,-13.72],[-60.65,-13.74],[-60.66,-13.73],[-60.69,-13.71],[-60.7,-13.7],[-60.72,-13.68],[-60.7,-13.67],[-60.69,-13.65],[-60.69,-13.63],[-60.67,-13.61],[-60.66,-13.6],[-60.64,-13.58],[-60.59,-13.57],[-60.55,-13.54],[-60.51,-13.5],[-60.47,-13.49],[-60.41,-13.46],[-60.38,-13.42],[-60.38,-13.39],[-60.37,-13.35],[-60.36,-13.31],[-60.36,-13.3]]],[[[-60.36,-13.3]]]]}},{"type":"Feature","properties":{"sigla":"PA","name":"Pará"},"geometry":{"type":"MultiPolygon","coordinates":[[[[-46.95,-0.73],[-46.96,-0.75],[-46.98,-0.79],[-46.96,-0.79],[-46.95,-0.8],[-46.95,-0.82],[-46.95,-0.86],[-46.93,-0.88],[-46.92,-0.86],[-46.91,-0.85],[-46.9,-0.81],[-46.89,-0.8],[-46.89,-0.78],[-46.86,-0.77],[-46.85,-0.74],[-46.83,-0.75],[-46.83,-0.78],[-46.85,-0.79],[-46.84,-0.8],[-46.85,-0.82],[-46.83,-0.83],[-46.84,-0.86],[-46.83,-0.84],[-46.81,-0.84],[-46.81,-0.87],[-46.82,-0.9],[-46.82,-0.89],[-46.8,-0.86],[-46.79,-0.9],[-46.79,-0.87],[-46.79,-0.84],[-46.77,-0.85],[-46.77,-0.82],[-46.74,-0.86],[-46.73,-0.89],[-46.74,-0.92],[-46.72,-0.84],[-46.7,-0.82],[-46.68,-0.86],[-46.67,-0.86],[-46.69,-0.81],[-46.67,-0.8],[-46.64,-0.79],[-46.64,-0.81],[-46.62,-0.83],[-46.61,-0.85],[-46.62,-0.86],[-46.63,-0.87],[-46.63,-0.88],[-46.65,-0.89],[-46.64,-0.91],[-46.66,-0.94],[-46.68,-0.96],[-46.67,-0.97],[-46.65,-0.96],[-46.63,-0.96],[-46.6,-0.96],[-46.57,-0.95],[-46.56,-0.94],[-46.55,-0.9],[-46.54,-0.96],[-46.53,-0.96],[-46.53,-0.95],[-46.52,-0.92],[-46.51,-0.9],[-46.51,-0.88],[-46.47,-0.89],[-46.46,-0.88],[-46.45,-0.86],[-46.43,-0.9],[-46.46,-0.9],[-46.47,-0.92],[-46.48,-0.93],[-46.47,-0.95],[-46.47,-0.96],[-46.49,-0.97],[-46.47,-1],[-46.48,-1],[-46.47,-1.02],[-46.47,-1.05],[-46.45,-1.03],[-46.44,-1.02],[-46.42,-1.05],[-46.43,-1.06],[-46.41,-1.04],[-46.42,-1],[-46.39,-0.99],[-46.38,-1.03],[-46.38,-1.03],[-46.36,-1],[-46.34,-1.02],[-46.35,-1.07],[-46.31,-1.08],[-46.33,-1.06],[-46.3,-1.02],[-46.29,-1.05],[-46.3,-1.01],[-46.27,-1],[-46.27,-0.97],[-46.26,-0.94],[-46.25,-0.95],[-46.26,-0.93],[-46.25,-0.91],[-46.21,-0.89],[-46.19,-0.93],[-46.21,-0.94],[-46.2,-0.97],[-46.22,-0.98],[-46.25,-1],[-46.21,-0.99],[-46.21,-1.04],[-46.25,-1.1],[-46.28,-1.17],[-46.24,-1.13],[-46.2,-1.07],[-46.19,-1.02],[-46.16,-1.02],[-46.17,-1.08],[-46.2,-1.13],[-46.17,-1.16],[-46.18,-1.12],[-46.15,-1.13],[-46.14,-1.12],[-46.15,-1.07],[-46.09,-1.03],[-46.07,-1.03],[-46.09,-1.05],[-46.09,-1.09],[-46.1,-1.2],[-46.11,-1.2],[-46.16,-1.28],[-46.13,-1.33],[-46.12,-1.37],[-46.14,-1.44],[-46.16,-1.49],[-46.14,-1.58],[-46.16,-1.62],[-46.19,-1.7],[-46.22,-1.73],[-46.28,-1.73],[-46.32,-1.77],[-46.3,-1.8],[-46.21,-1.82],[-46.23,-1.88],[-46.26,-2.04],[-46.27,-2.09],[-46.3,-2.15],[-46.32,-2.18],[-46.36,-2.23],[-46.39,-2.25],[-46.42,-2.26],[-46.43,-2.33],[-46.45,-2.38],[-46.42,-2.38],[-46.44,-2.42],[-46.43,-2.46],[-46.43,-2.5],[-46.47,-2.54],[-46.5,-2.56],[-46.5,-2.58],[-46.56,-2.63],[-46.59,-2.67],[-46.63,-2.67],[-46.65,-2.68],[-46.67,-2.71],[-46.65,-2.74],[-46.64,-2.75],[-46.63,-2.8],[-46.6,-2.8],[-46.59,-2.82],[-46.58,-2.83],[-46.6,-2.83],[-46.62,-2.86],[-46.64,-2.87],[-46.65,-2.88],[-46.67,-2.89],[-46.66,-2.92],[-46.67,-2.95],[-46.66,-2.97],[-46.66,-2.99],[-46.67,-3.01],[-46.68,-3.05],[-46.68,-3.09],[-46.71,-3.13],[-46.73,-3.12],[-46.74,-3.13],[-46.74,-3.16],[-46.76,-3.18],[-46.76,-3.2],[-46.76,-3.21],[-46.78,-3.24],[-46.8,-3.26],[-46.81,-3.28],[-46.82,-3.31],[-46.85,-3.33],[-46.87,-3.33],[-46.89,-3.34],[-46.91,-3.36],[-46.92,-3.36],[-46.94,-3.37],[-46.94,-3.39],[-46.94,-3.42],[-46.95,-3.44],[-46.95,-3.46],[-46.97,-3.47],[-46.98,-3.49],[-46.98,-3.52],[-47,-3.53],[-47.02,-3.55],[-47.04,-3.56],[-47.03,-3.6],[-47.05,-3.62],[-47.05,-3.65],[-47.04,-3.66],[-47.06,-3.73],[-47.06,-3.77],[-47.08,-3.81],[-47.08,-3.84],[-47.12,-3.88],[-47.13,-3.9],[-47.17,-3.93],[-47.18,-3.96],[-47.2,-3.97],[-47.22,-3.99],[-47.27,-4.03],[-47.29,-4.04],[-47.3,-4.05],[-47.32,-4.06],[-47.34,-4.09],[-47.34,-4.13],[-47.34,-4.17],[-47.36,-4.19],[-47.37,-4.21],[-47.38,-4.22],[-47.4,-4.26],[-47.42,-4.28],[-47.44,-4.29],[-47.48,-4.34],[-47.49,-4.37],[-47.5,-4.4],[-47.61,-4.55],[-47.68,-4.61],[-47.71,-4.6],[-47.75,-4.6],[-47.8,-4.6],[-48.21,-4.92],[-48.44,-5.08],[-48.75,-5.36],[-48.68,-5.38],[-48.6,-5.42],[-48.46,-5.41],[-48.38,-5.39],[-48.35,-5.44],[-48.33,-5.49],[-48.28,-5.54],[-48.21,-5.55],[-48.14,-5.6],[-48.17,-5.71],[-48.29,-5.76],[-48.25,-5.9],[-48.25,-5.96],[-48.33,-5.99],[-48.29,-6.07],[-48.33,-6.13],[-48.41,-6.15],[-48.42,-6.27],[-48.41,-6.31],[-48.38,-6.38],[-48.45,-6.35],[-48.53,-6.39],[-48.63,-6.48],[-48.66,-6.56],[-48.66,-6.66],[-48.81,-6.75],[-48.93,-6.76],[-49.04,-6.82],[-49.17,-6.89],[-49.21,-6.93],[-49.19,-7.03],[-49.19,-7.19],[-49.23,-7.33],[-49.32,-7.43],[-49.34,-7.66],[-49.24,-7.74],[-49.16,-7.79],[-49.17,-7.85],[-49.18,-7.98],[-49.19,-8.07],[-49.2,-8.14],[-49.25,-8.27],[-49.31,-8.4],[-49.4,-8.55],[-49.47,-8.65],[-49.57,-8.81],[-49.61,-8.85],[-49.75,-8.92],[-49.85,-9.05],[-49.9,-9.14],[-49.96,-9.22],[-50.02,-9.28],[-50.07,-9.4],[-50.11,-9.51],[-50.11,-9.57],[-50.14,-9.63],[-50.15,-9.7],[-50.2,-9.79],[-50.22,-9.84],[-52.36,-9.7],[-54.34,-9.55],[-56.27,-9.4],[-56.75,-9.41],[-56.78,-9.36],[-56.79,-9.29],[-56.87,-9.24],[-57.01,-9.22],[-57.05,-9.19],[-57.06,-9.15],[-57.06,-9.08],[-57.09,-9.03],[-57.21,-8.92],[-57.31,-8.89],[-57.42,-8.86],[-57.45,-8.79],[-57.56,-8.76],[-57.61,-8.65],[-57.64,-8.58],[-57.63,-8.52],[-57.66,-8.48],[-57.69,-8.41],[-57.68,-8.33],[-57.66,-8.27],[-57.67,-8.17],[-57.73,-8.09],[-57.83,-7.93],[-57.9,-7.67],[-57.94,-7.61],[-58.07,-7.39],[-58.14,-7.35],[-58.2,-7.16],[-58.23,-7.11],[-58.33,-7],[-58.39,-6.96],[-58.46,-6.84],[-58.46,-6.66],[-58.33,-6.53],[-58.27,-6.48],[-57.02,-3.8],[-56.78,-3.26],[-56.42,-2.45],[-56.46,-2.43],[-56.41,-2.32],[-56.22,-2.2],[-56.1,-2.03],[-56.17,-2.04],[-56.23,-2.06],[-56.3,-2.11],[-56.32,-2.14],[-56.39,-2.16],[-56.46,-2.16],[-56.52,-2.14],[-56.57,-2.17],[-56.6,-2.18],[-56.63,-2.2],[-56.71,-2.19],[-56.77,-2.17],[-56.72,-2.05],[-56.77,-2.01],[-56.9,-1.98],[-56.96,-1.95],[-56.99,-1.91],[-57.06,-1.86],[-57.06,-1.81],[-57.11,-1.78],[-57.16,-1.76],[-57.18,-1.73],[-57.2,-1.72],[-57.23,-1.73],[-57.26,-1.7],[-57.27,-1.71],[-57.35,-1.71],[-57.4,-1.71],[-57.4,-1.68],[-57.44,-1.69],[-57.48,-1.66],[-57.5,-1.65],[-57.54,-1.62],[-57.59,-1.6],[-57.61,-1.58],[-57.68,-1.59],[-57.71,-1.54],[-57.74,-1.5],[-57.78,-1.51],[-57.8,-1.49],[-57.81,-1.45],[-57.85,-1.43],[-57.92,-1.42],[-57.96,-1.4],[-57.98,-1.37],[-58,-1.32],[-57.96,-1.22],[-57.97,-1.16],[-58.03,-1.1],[-58.09,-1.16],[-58.16,-1.23],[-58.19,-1.2],[-58.27,-1.14],[-58.34,-1.12],[-58.36,-1.1],[-58.4,-1.04],[-58.42,-1.01],[-58.41,-0.97],[-58.45,-0.93],[-58.46,-0.86],[-58.49,-0.86],[-58.51,-0.83],[-58.56,-0.8],[-58.59,-0.77],[-58.63,-0.72],[-58.68,-0.69],[-58.71,-0.65],[-58.73,-0.63],[-58.73,-0.58],[-58.71,-0.54],[-58.72,-0.44],[-58.75,-0.41],[-58.8,-0.39],[-58.82,-0.37],[-58.87,-0.27],[-58.86,-0.16],[-58.87,-0.06],[-58.89,-0.02],[-58.89,0.26],[-58.88,1.23],[-58.87,1.22],[-58.87,1.21],[-58.86,1.19],[-58.83,1.19],[-58.81,1.18],[-58.79,1.19],[-58.77,1.19],[-58.75,1.21],[-58.73,1.21],[-58.72,1.24],[-58.71,1.27],[-58.69,1.3],[-58.68,1.29],[-58.65,1.29],[-58.63,1.29],[-58.61,1.28],[-58.59,1.27],[-58.58,1.28],[-58.57,1.29],[-58.54,1.29],[-58.53,1.27],[-58.52,1.26],[-58.51,1.28],[-58.5,1.27],[-58.49,1.29],[-58.48,1.31],[-58.47,1.35],[-58.46,1.37],[-58.47,1.38],[-58.48,1.39],[-58.5,1.4],[-58.5,1.43],[-58.51,1.46],[-58.49,1.47],[-58.47,1.46],[-58.45,1.46],[-58.42,1.47],[-58.4,1.47],[-58.37,1.48],[-58.39,1.49],[-58.38,1.51],[-58.39,1.53],[-58.36,1.54],[-58.35,1.56],[-58.32,1.6],[-58.32,1.58],[-58.29,1.57],[-58.28,1.57],[-58.25,1.56],[-58.24,1.55],[-58.21,1.57],[-58.18,1.57],[-58.15,1.54],[-58.15,1.52],[-58.12,1.5],[-58.09,1.52],[-58.07,1.51],[-58.05,1.52],[-58.03,1.51],[-58.02,1.51],[-58,1.53],[-57.99,1.54],[-57.99,1.56],[-57.98,1.58],[-57.98,1.6],[-57.98,1.62],[-57.99,1.64],[-58,1.65],[-57.97,1.65],[-57.95,1.65],[-57.9,1.66],[-57.89,1.67],[-57.88,1.68],[-57.86,1.67],[-57.85,1.68],[-57.83,1.69],[-57.8,1.69],[-57.79,1.71],[-57.78,1.72],[-57.77,1.72],[-57.75,1.72],[-57.73,1.72],[-57.71,1.72],[-57.7,1.72],[-57.69,1.71],[-57.67,1.7],[-57.65,1.69],[-57.63,1.69],[-57.61,1.7],[-57.58,1.7],[-57.57,1.69],[-57.54,1.7],[-57.54,1.72],[-57.52,1.73],[-57.52,1.74],[-57.5,1.76],[-57.5,1.78],[-57.48,1.8],[-57.47,1.8],[-57.45,1.81],[-57.44,1.84],[-57.43,1.86],[-57.43,1.88],[-57.42,1.91],[-57.39,1.92],[-57.37,1.93],[-57.36,1.95],[-57.36,1.96],[-57.34,1.98],[-57.31,1.98],[-57.29,1.99],[-57.27,1.97],[-57.26,1.96],[-57.24,1.94],[-57.23,1.95],[-57.21,1.96],[-57.19,1.98],[-57.17,1.99],[-57.15,1.99],[-57.14,2],[-57.12,2.01],[-57.11,2.03],[-57.09,2.03],[-57.08,2.01],[-57.07,1.99],[-57.07,1.97],[-57.05,1.95],[-57.02,1.94],[-57.01,1.92],[-56.98,1.91],[-56.97,1.92],[-56.95,1.92],[-56.92,1.93],[-56.91,1.91],[-56.87,1.89],[-56.85,1.89],[-56.83,1.88],[-56.81,1.88],[-56.8,1.87],[-56.79,1.86],[-56.77,1.88],[-56.75,1.9],[-56.74,1.91],[-56.72,1.93],[-56.7,1.92],[-56.68,1.91],[-56.65,1.92],[-56.63,1.94],[-56.61,1.94],[-56.6,1.94],[-56.59,1.92],[-56.56,1.91],[-56.54,1.92],[-56.52,1.93],[-56.5,1.94],[-56.48,1.95],[-56.46,1.95],[-56.43,1.95],[-56.41,1.93],[-56.39,1.93],[-56.37,1.94],[-56.33,1.94],[-56.32,1.92],[-56.3,1.91],[-56.29,1.91],[-56.25,1.88],[-56.23,1.9],[-56.2,1.89],[-56.17,1.9],[-56.17,1.89],[-56.15,1.89],[-56.13,1.87],[-56.11,1.85],[-56.09,1.85],[-56.07,1.85],[-56.05,1.85],[-56.03,1.84],[-56.01,1.84],[-55.98,1.84],[-55.96,1.85],[-55.94,1.87],[-55.93,1.87],[-55.9,1.89],[-55.91,1.91],[-55.93,1.94],[-55.92,1.96],[-55.93,2],[-55.91,1.99],[-55.91,2.02],[-55.92,2.05],[-55.93,2.07],[-55.95,2.09],[-55.97,2.1],[-55.98,2.12],[-55.99,2.13],[-55.99,2.15],[-56.02,2.17],[-56.05,2.18],[-56.04,2.21],[-56.05,2.23],[-56.07,2.24],[-56.09,2.25],[-56.12,2.25],[-56.14,2.27],[-56.11,2.3],[-56.11,2.32],[-56.09,2.34],[-56.09,2.36],[-56.07,2.37],[-56.06,2.35],[-56.03,2.33],[-56.03,2.35],[-56.04,2.37],[-56.02,2.39],[-56,2.42],[-55.99,2.43],[-56,2.45],[-56,2.46],[-55.99,2.48],[-55.98,2.5],[-55.98,2.52],[-55.95,2.53],[-55.92,2.52],[-55.91,2.52],[-55.89,2.51],[-55.88,2.49],[-55.85,2.48],[-55.84,2.46],[-55.83,2.46],[-55.8,2.46],[-55.78,2.46],[-55.76,2.44],[-55.76,2.43],[-55.74,2.41],[-55.71,2.41],[-55.69,2.42],[-55.67,2.42],[-55.65,2.42],[-55.62,2.42],[-55.59,2.43],[-55.56,2.43],[-55.52,2.44],[-55.43,2.44],[-55.23,2.5],[-55.1,2.53],[-54.92,2.49],[-54.87,2.41],[-54.79,2.31],[-54.8,2.29],[-54.79,2.24],[-54.77,2.19],[-54.79,2.16],[-54.8,2.14],[-54.81,2.12],[-54.81,2.07],[-54.81,2.04],[-54.78,2],[-54.76,1.96],[-54.77,1.91],[-54.75,1.87],[-54.73,1.83],[-54.75,1.79],[-54.7,1.77],[-54.65,1.77],[-54.61,1.78],[-54.57,1.78],[-54.52,1.76],[-54.5,1.75],[-54.47,1.76],[-54.42,1.76],[-54.39,1.75],[-54.34,1.74],[-54.32,1.74],[-54.31,1.73],[-54.29,1.72],[-54.28,1.71],[-54.27,1.69],[-54.24,1.68],[-54.2,1.65],[-54.18,1.66],[-54.15,1.64],[-54.13,1.62],[-54.12,1.59],[-54.11,1.58],[-54.08,1.53],[-54.08,1.49],[-54.02,1.5],[-54,1.51],[-53.97,1.48],[-53.93,1.47],[-53.94,1.44],[-53.89,1.44],[-53.88,1.41],[-53.85,1.4],[-53.8,1.4],[-53.79,1.42],[-53.76,1.41],[-53.71,1.41],[-53.71,1.4],[-53.68,1.38],[-53.65,1.41],[-53.65,1.36],[-53.57,1.34],[-53.53,1.32],[-53.55,1.28],[-53.55,1.23],[-53.43,1.23],[-53.42,1.2],[-53.41,1.15],[-53.46,1.14],[-53.45,1.07],[-53.43,1.02],[-53.41,0.96],[-53.36,0.89],[-53.28,0.84],[-53.21,0.79],[-53.18,0.75],[-53.14,0.69],[-53.11,0.67],[-53.15,0.55],[-53.17,0.49],[-53.16,0.41],[-53.14,0.33],[-53.09,0.2],[-53.05,0.14],[-53.02,0.1],[-52.99,0.04],[-52.97,-0.05],[-52.9,-0.15],[-52.84,-0.16],[-52.72,-0.29],[-52.7,-0.37],[-52.68,-0.42],[-52.68,-0.52],[-52.63,-0.59],[-52.53,-0.58],[-52.51,-0.66],[-52.5,-0.75],[-52.51,-0.81],[-52.51,-0.85],[-52.44,-0.83],[-52.4,-0.89],[-52.44,-0.93],[-52.42,-1.03],[-52.39,-1.05],[-52.33,-1.12],[-52.21,-1.13],[-52.12,-1.15],[-52.1,-1.23],[-52.06,-1.19],[-51.99,-1.17],[-51.97,-1.12],[-51.96,-1.17],[-51.93,-1.13],[-51.78,-1.14],[-51.69,-1.01],[-51.69,-0.82],[-51.57,-0.62],[-51.43,-0.47],[-51.35,-0.31],[-51.27,-0.2],[-51.1,-0.09],[-51,0],[-50.97,0.04],[-50.74,0.13],[-50.56,0.31],[-50.48,0.48],[-50.31,0.68],[-50.04,0.57],[-50.01,0.33],[-49.96,0.33],[-49.92,0.32],[-49.85,0.33],[-49.83,0.33],[-49.81,0.34],[-49.78,0.34],[-49.74,0.32],[-49.73,0.35],[-49.72,0.36],[-49.7,0.36],[-49.66,0.35],[-49.65,0.34],[-49.62,0.32],[-49.61,0.29],[-49.46,0.07],[-49.44,0.07],[-49.41,0.05],[-49.38,0.03],[-49.39,0.02],[-48.99,-0.18],[-48.96,-0.2],[-48.91,-0.23],[-48.88,-0.22],[-48.84,-0.22],[-48.82,-0.22],[-48.79,-0.22],[-48.76,-0.24],[-48.7,-0.26],[-48.67,-0.24],[-48.61,-0.23],[-48.57,-0.24],[-48.55,-0.24],[-48.52,-0.24],[-48.47,-0.23],[-48.43,-0.26],[-48.4,-0.27],[-48.39,-0.33],[-48.41,-0.38],[-48.45,-0.46],[-48,-0.66],[-47.99,-0.71],[-47.97,-0.67],[-47.96,-0.65],[-47.94,-0.63],[-47.91,-0.61],[-47.9,-0.6],[-47.9,-0.57],[-47.86,-0.56],[-47.84,-0.59],[-47.84,-0.62],[-47.85,-0.65],[-47.85,-0.67],[-47.82,-0.67],[-47.82,-0.61],[-47.81,-0.59],[-47.81,-0.56],[-47.79,-0.57],[-47.78,-0.58],[-47.77,-0.63],[-47.75,-0.62],[-47.76,-0.58],[-47.75,-0.56],[-47.72,-0.54],[-47.7,-0.56],[-47.7,-0.59],[-47.65,-0.59],[-47.63,-0.64],[-47.63,-0.67],[-47.63,-0.69],[-47.61,-0.7],[-47.58,-0.63],[-47.58,-0.6],[-47.58,-0.58],[-47.55,-0.6],[-47.54,-0.65],[-47.53,-0.67],[-47.51,-0.7],[-47.48,-0.74],[-47.48,-0.76],[-47.47,-0.69],[-47.47,-0.64],[-47.47,-0.61],[-47.47,-0.6],[-47.42,-0.61],[-47.43,-0.64],[-47.42,-0.65],[-47.39,-0.64],[-47.37,-0.62],[-47.35,-0.61],[-47.32,-0.59],[-47.29,-0.61],[-47.29,-0.63],[-47.29,-0.64],[-47.26,-0.65],[-47.26,-0.63],[-47.21,-0.65],[-47.21,-0.69],[-47.23,-0.7],[-47.21,-0.69],[-47.19,-0.69],[-47.18,-0.66],[-47.16,-0.67],[-47.17,-0.7],[-47.17,-0.73],[-47.17,-0.77],[-47.16,-0.75],[-47.15,-0.72],[-47.15,-0.71],[-47.14,-0.7],[-47.11,-0.68],[-47.07,-0.69],[-47.08,-0.72],[-47.09,-0.75],[-47.07,-0.76],[-47.07,-0.77],[-47.06,-0.73],[-47.05,-0.72],[-47.05,-0.76],[-47.06,-0.8],[-47.03,-0.8],[-47.04,-0.77],[-47.04,-0.73],[-47.02,-0.73],[-47,-0.71],[-46.96,-0.71],[-46.95,-0.73]]],[[[-46.4,-0.95],[-46.44,-0.98],[-46.42,-0.94],[-46.4,-0.95]]],[[[-46.08,-1.07],[-46.07,-1.1],[-46.09,-1.06],[-46.08,-1.07]]],[[[-47.03,-0.7],[-47.01,-0.7],[-47.03,-0.7]]],[[[-46.38,-1],[-46.38,-0.99],[-46.38,-1]]],[[[-47.84,-0.66],[-47.84,-0.67],[-47.84,-0.66]]],[[[-46.44,-1.01],[-46.44,-1.01]]],[[[-46.33,-0.95],[-46.32,-0.95],[-46.33,-0.95]]],[[[-46.61,-0.83]]],[[[-46.61,-0.86]]],[[[-47.03,-0.72],[-47.03,-0.72]]],[[[-46.47,-0.96]]],[[[-46.21,-0.94]]],[[[-46.95,-0.74]]],[[[-47.02,-0.72]]],[[[-46.27,-0.93]]]]}},{"type":"Feature","properties":{"sigla":"PB","name":"Paraíba"},"geometry":{"type":"MultiPolygon","coordinates":[[[[-37.23,-6.03],[-37.19,-6.05],[-37.17,-6.11],[-37.16,-6.15],[-37.17,-6.18],[-37.23,-6.21],[-37.29,-6.28],[-37.33,-6.31],[-37.38,-6.37],[-37.4,-6.4],[-37.4,-6.51],[-37.48,-6.54],[-37.48,-6.61],[-37.47,-6.65],[-37.48,-6.71],[-37.31,-6.69],[-37.26,-6.73],[-37.26,-6.79],[-37.19,-6.82],[-37.12,-6.77],[-37.03,-6.73],[-36.97,-6.74],[-36.96,-6.78],[-36.9,-6.75],[-36.73,-6.84],[-36.76,-6.91],[-36.72,-6.98],[-36.64,-6.93],[-36.57,-6.87],[-36.57,-6.85],[-36.51,-6.82],[-36.53,-6.74],[-36.55,-6.7],[-36.51,-6.59],[-36.45,-6.63],[-36.44,-6.6],[-36.47,-6.55],[-36.52,-6.5],[-36.53,-6.45],[-36.44,-6.36],[-36.31,-6.28],[-36.29,-6.37],[-36.2,-6.43],[-36.11,-6.43],[-36.07,-6.41],[-36.05,-6.43],[-36.01,-6.46],[-35.96,-6.48],[-35.76,-6.48],[-35.67,-6.45],[-35.62,-6.46],[-35.59,-6.47],[-35.55,-6.49],[-35.53,-6.48],[-35.5,-6.48],[-35.48,-6.49],[-35.45,-6.49],[-35.4,-6.49],[-35.26,-6.54],[-35.22,-6.52],[-35.2,-6.55],[-35.15,-6.55],[-35.11,-6.5],[-35.07,-6.52],[-35.03,-6.51],[-34.98,-6.49],[-34.97,-6.54],[-34.95,-6.68],[-34.93,-6.7],[-34.93,-6.73],[-34.94,-6.75],[-34.92,-6.78],[-34.9,-6.85],[-34.86,-6.9],[-34.87,-6.94],[-34.85,-6.97],[-34.86,-7.03],[-34.83,-7],[-34.83,-6.98],[-34.84,-7.06],[-34.83,-7.09],[-34.82,-7.13],[-34.79,-7.15],[-34.8,-7.2],[-34.8,-7.25],[-34.8,-7.29],[-34.8,-7.32],[-34.8,-7.34],[-34.8,-7.38],[-34.81,-7.46],[-34.81,-7.49],[-34.82,-7.53],[-34.85,-7.54],[-34.89,-7.54],[-34.9,-7.54],[-34.93,-7.53],[-34.98,-7.5],[-34.99,-7.46],[-35.05,-7.42],[-35.1,-7.41],[-35.15,-7.39],[-35.22,-7.38],[-35.24,-7.37],[-35.32,-7.41],[-35.35,-7.43],[-35.37,-7.44],[-35.38,-7.45],[-35.44,-7.46],[-35.51,-7.49],[-35.52,-7.54],[-35.53,-7.59],[-35.53,-7.62],[-35.54,-7.66],[-35.59,-7.65],[-35.63,-7.68],[-35.69,-7.7],[-35.72,-7.71],[-35.75,-7.72],[-35.79,-7.74],[-35.87,-7.75],[-35.93,-7.78],[-35.97,-7.79],[-36.02,-7.81],[-36.06,-7.79],[-36.13,-7.78],[-36.22,-7.76],[-36.25,-7.83],[-36.3,-7.81],[-36.4,-7.81],[-36.43,-7.87],[-36.43,-7.9],[-36.47,-7.92],[-36.54,-7.9],[-36.57,-7.94],[-36.59,-7.96],[-36.62,-7.98],[-36.65,-8.08],[-36.64,-8.12],[-36.71,-8.16],[-36.72,-8.17],[-36.76,-8.2],[-36.81,-8.2],[-36.92,-8.26],[-36.95,-8.29],[-36.99,-8.3],[-37.1,-8.24],[-37.12,-8.17],[-37.16,-8.16],[-37.15,-8.13],[-37.15,-8.07],[-37.15,-8.01],[-37.18,-7.99],[-37.19,-7.96],[-37.22,-7.97],[-37.26,-7.97],[-37.3,-7.97],[-37.35,-7.95],[-37.31,-7.93],[-37.31,-7.91],[-37.24,-7.86],[-37.24,-7.82],[-37.2,-7.8],[-37.17,-7.8],[-37.16,-7.77],[-37.16,-7.7],[-37.19,-7.65],[-37.18,-7.6],[-37.13,-7.55],[-37.05,-7.5],[-36.98,-7.48],[-37,-7.46],[-37.01,-7.43],[-37.02,-7.4],[-37.07,-7.38],[-37.13,-7.34],[-37.16,-7.34],[-37.21,-7.29],[-37.29,-7.29],[-37.37,-7.35],[-37.43,-7.36],[-37.49,-7.39],[-37.51,-7.43],[-37.53,-7.45],[-37.6,-7.51],[-37.63,-7.53],[-37.68,-7.55],[-37.73,-7.6],[-37.76,-7.63],[-37.75,-7.66],[-37.78,-7.65],[-37.79,-7.63],[-37.9,-7.69],[-37.91,-7.71],[-37.94,-7.74],[-37.98,-7.77],[-38.01,-7.77],[-38.07,-7.77],[-38.07,-7.82],[-38.12,-7.81],[-38.16,-7.78],[-38.19,-7.8],[-38.23,-7.82],[-38.26,-7.83],[-38.3,-7.78],[-38.31,-7.75],[-38.32,-7.71],[-38.36,-7.68],[-38.39,-7.71],[-38.43,-7.72],[-38.48,-7.73],[-38.54,-7.75],[-38.57,-7.75],[-38.59,-7.75],[-38.62,-7.71],[-38.64,-7.68],[-38.66,-7.66],[-38.69,-7.63],[-38.71,-7.59],[-38.68,-7.58],[-38.65,-7.55],[-38.65,-7.53],[-38.65,-7.5],[-38.64,-7.46],[-38.6,-7.44],[-38.59,-7.4],[-38.56,-7.36],[-38.54,-7.31],[-38.55,-7.26],[-38.58,-7.25],[-38.61,-7.24],[-38.62,-7.2],[-38.65,-7.18],[-38.67,-7.16],[-38.67,-7.08],[-38.67,-7.05],[-38.71,-7.02],[-38.76,-7],[-38.74,-6.97],[-38.76,-6.94],[-38.76,-6.92],[-38.74,-6.9],[-38.72,-6.89],[-38.69,-6.87],[-38.67,-6.84],[-38.65,-6.81],[-38.63,-6.79],[-38.63,-6.78],[-38.65,-6.75],[-38.66,-6.72],[-38.66,-6.68],[-38.65,-6.65],[-38.65,-6.63],[-38.63,-6.59],[-38.63,-6.56],[-38.62,-6.53],[-38.59,-6.5],[-38.55,-6.44],[-38.52,-6.41],[-38.55,-6.4],[-38.59,-6.4],[-38.58,-6.37],[-38.56,-6.36],[-38.54,-6.34],[-38.49,-6.34],[-38.46,-6.33],[-38.48,-6.38],[-38.45,-6.4],[-38.38,-6.42],[-38.36,-6.45],[-38.33,-6.46],[-38.29,-6.5],[-38.23,-6.48],[-38.18,-6.5],[-38.13,-6.52],[-38.1,-6.49],[-38.05,-6.45],[-38.04,-6.46],[-38.02,-6.45],[-38.01,-6.43],[-37.97,-6.4],[-37.92,-6.42],[-37.88,-6.39],[-37.84,-6.35],[-37.82,-6.31],[-37.76,-6.29],[-37.78,-6.25],[-37.76,-6.22],[-37.71,-6.18],[-37.64,-6.18],[-37.57,-6.16],[-37.54,-6.15],[-37.5,-6.14],[-37.45,-6.11],[-37.4,-6.11],[-37.34,-6.08],[-37.27,-6.06],[-37.23,-6.03]]],[[[-34.86,-6.98],[-34.85,-7],[-34.87,-7],[-34.86,-6.98]]]]}},{"type":"Feature","properties":{"sigla":"PE","name":"Pernambuco"},"geometry":{"type":"MultiPolygon","coordinates":[[[[-37.18,-7.31],[-37.14,-7.33],[-37.12,-7.35],[-37.05,-7.38],[-37.02,-7.41],[-37.02,-7.43],[-36.99,-7.47],[-37.01,-7.49],[-37.08,-7.52],[-37.16,-7.57],[-37.19,-7.62],[-37.18,-7.66],[-37.15,-7.73],[-37.15,-7.78],[-37.18,-7.79],[-37.22,-7.8],[-37.23,-7.82],[-37.24,-7.87],[-37.31,-7.91],[-37.32,-7.94],[-37.36,-7.97],[-37.3,-7.96],[-37.25,-7.97],[-37.22,-7.96],[-37.19,-7.98],[-37.17,-8],[-37.15,-8.03],[-37.15,-8.09],[-37.16,-8.14],[-37.16,-8.17],[-37.12,-8.2],[-37.09,-8.26],[-36.98,-8.3],[-36.95,-8.28],[-36.9,-8.24],[-36.8,-8.19],[-36.75,-8.18],[-36.72,-8.17],[-36.69,-8.16],[-36.63,-8.1],[-36.66,-8.08],[-36.62,-7.97],[-36.57,-7.95],[-36.58,-7.91],[-36.49,-7.92],[-36.46,-7.92],[-36.43,-7.88],[-36.43,-7.82],[-36.37,-7.81],[-36.28,-7.82],[-36.24,-7.81],[-36.2,-7.78],[-36.1,-7.78],[-36.05,-7.8],[-36,-7.81],[-35.96,-7.79],[-35.88,-7.77],[-35.84,-7.75],[-35.78,-7.74],[-35.74,-7.72],[-35.71,-7.7],[-35.66,-7.7],[-35.62,-7.66],[-35.57,-7.65],[-35.53,-7.65],[-35.53,-7.61],[-35.54,-7.59],[-35.51,-7.52],[-35.5,-7.46],[-35.42,-7.47],[-35.37,-7.45],[-35.36,-7.44],[-35.34,-7.42],[-35.31,-7.41],[-35.23,-7.38],[-35.2,-7.39],[-35.13,-7.4],[-35.09,-7.4],[-35.04,-7.42],[-34.99,-7.49],[-34.97,-7.52],[-34.92,-7.53],[-34.9,-7.54],[-34.87,-7.55],[-34.83,-7.55],[-34.84,-7.57],[-34.82,-7.6],[-34.81,-7.62],[-34.83,-7.67],[-34.84,-7.69],[-34.83,-7.73],[-34.84,-7.81],[-34.84,-7.83],[-34.83,-7.86],[-34.82,-7.89],[-34.83,-7.96],[-34.84,-8.01],[-34.86,-8.04],[-34.91,-8.17],[-34.92,-8.2],[-34.93,-8.25],[-34.94,-8.3],[-34.94,-8.35],[-34.95,-8.35],[-34.97,-8.41],[-34.98,-8.46],[-35,-8.5],[-35,-8.54],[-35.02,-8.57],[-35.05,-8.61],[-35.07,-8.67],[-35.08,-8.69],[-35.09,-8.72],[-35.09,-8.75],[-35.1,-8.78],[-35.13,-8.84],[-35.14,-8.88],[-35.15,-8.9],[-35.18,-8.89],[-35.21,-8.89],[-35.31,-8.87],[-35.41,-8.84],[-35.46,-8.84],[-35.48,-8.82],[-35.5,-8.82],[-35.53,-8.83],[-35.57,-8.84],[-35.59,-8.85],[-35.63,-8.88],[-35.67,-8.89],[-35.72,-8.91],[-35.78,-8.9],[-35.78,-8.88],[-35.8,-8.85],[-35.84,-8.87],[-35.9,-8.85],[-35.92,-8.88],[-35.96,-8.9],[-36,-8.91],[-36.13,-8.97],[-36.11,-9.01],[-36.14,-9.04],[-36.19,-9.05],[-36.21,-9.07],[-36.24,-9.1],[-36.26,-9.14],[-36.23,-9.16],[-36.25,-9.18],[-36.29,-9.17],[-36.31,-9.17],[-36.34,-9.21],[-36.36,-9.22],[-36.41,-9.22],[-36.42,-9.23],[-36.46,-9.23],[-36.49,-9.24],[-36.5,-9.27],[-36.57,-9.33],[-36.6,-9.34],[-36.62,-9.33],[-36.63,-9.32],[-36.65,-9.31],[-36.8,-9.29],[-36.88,-9.28],[-36.92,-9.3],[-36.94,-9.35],[-36.94,-9.38],[-37,-9.35],[-37.06,-9.31],[-37.11,-9.24],[-37.14,-9.27],[-37.17,-9.25],[-37.23,-9.23],[-37.24,-9.2],[-37.27,-9.15],[-37.31,-9.11],[-37.33,-9.09],[-37.43,-9.03],[-37.49,-8.97],[-37.52,-8.96],[-37.58,-8.97],[-37.62,-9.01],[-37.66,-8.99],[-37.7,-8.99],[-37.7,-8.95],[-37.72,-8.92],[-37.73,-8.9],[-37.77,-8.86],[-37.81,-8.88],[-37.82,-8.9],[-37.83,-8.93],[-37.84,-8.98],[-37.86,-9.01],[-37.89,-9.03],[-37.94,-9.09],[-37.96,-9.12],[-37.99,-9.15],[-38.04,-9.17],[-38.09,-9.17],[-38.16,-9.25],[-38.2,-9.3],[-38.28,-9.21],[-38.3,-9.1],[-38.3,-9.06],[-38.34,-8.99],[-38.45,-9.02],[-38.52,-8.93],[-38.47,-8.89],[-38.56,-8.83],[-38.62,-8.98],[-38.69,-8.94],[-38.74,-8.84],[-38.87,-8.78],[-38.95,-8.8],[-39.02,-8.75],[-39.16,-8.7],[-39.21,-8.71],[-39.24,-8.64],[-39.27,-8.59],[-39.34,-8.56],[-39.41,-8.54],[-39.45,-8.56],[-39.52,-8.61],[-39.56,-8.63],[-39.63,-8.66],[-39.69,-8.67],[-39.68,-8.76],[-39.7,-8.8],[-39.82,-8.81],[-39.9,-8.86],[-39.92,-9],[-40.03,-9.06],[-40.17,-9.1],[-40.24,-9.06],[-40.31,-9.27],[-40.36,-9.38],[-40.44,-9.36],[-40.49,-9.41],[-40.53,-9.41],[-40.57,-9.47],[-40.74,-9.44],[-40.76,-9.42],[-40.74,-9.38],[-40.74,-9.34],[-40.74,-9.31],[-40.71,-9.29],[-40.69,-9.26],[-40.68,-9.2],[-40.68,-9.15],[-40.76,-9.12],[-40.79,-9.1],[-40.82,-9.08],[-40.82,-9.04],[-40.85,-9],[-40.86,-8.94],[-40.9,-8.88],[-40.92,-8.84],[-40.98,-8.82],[-41.02,-8.84],[-41.05,-8.79],[-41.08,-8.79],[-41.11,-8.77],[-41.13,-8.75],[-41.12,-8.72],[-41.17,-8.71],[-41.19,-8.71],[-41.24,-8.72],[-41.29,-8.74],[-41.36,-8.71],[-41.24,-8.65],[-41.21,-8.61],[-41.18,-8.59],[-41.15,-8.55],[-41.11,-8.53],[-41.08,-8.48],[-41.04,-8.43],[-40.97,-8.41],[-40.96,-8.42],[-40.9,-8.41],[-40.89,-8.37],[-40.86,-8.38],[-40.82,-8.34],[-40.79,-8.32],[-40.78,-8.29],[-40.78,-8.25],[-40.74,-8.23],[-40.7,-8.2],[-40.67,-8.17],[-40.64,-8.15],[-40.6,-8.14],[-40.6,-8.1],[-40.54,-7.96],[-40.56,-7.82],[-40.67,-7.76],[-40.65,-7.59],[-40.68,-7.45],[-40.66,-7.44],[-40.5,-7.39],[-40.28,-7.39],[-40.01,-7.39],[-39.94,-7.37],[-39.86,-7.33],[-39.82,-7.33],[-39.66,-7.32],[-39.6,-7.34],[-39.49,-7.43],[-39.41,-7.47],[-39.36,-7.51],[-39.31,-7.56],[-39.28,-7.6],[-39.3,-7.63],[-39.28,-7.66],[-39.25,-7.68],[-39.24,-7.71],[-39.21,-7.69],[-39.14,-7.72],[-39.09,-7.81],[-39.09,-7.85],[-39.03,-7.82],[-38.98,-7.85],[-38.96,-7.84],[-38.94,-7.79],[-38.93,-7.76],[-38.92,-7.75],[-38.88,-7.72],[-38.83,-7.72],[-38.82,-7.66],[-38.78,-7.66],[-38.74,-7.65],[-38.72,-7.63],[-38.69,-7.63],[-38.65,-7.67],[-38.64,-7.69],[-38.62,-7.71],[-38.59,-7.75],[-38.57,-7.75],[-38.53,-7.75],[-38.47,-7.73],[-38.43,-7.73],[-38.38,-7.71],[-38.34,-7.69],[-38.32,-7.72],[-38.32,-7.76],[-38.3,-7.79],[-38.26,-7.83],[-38.22,-7.82],[-38.19,-7.8],[-38.14,-7.78],[-38.12,-7.81],[-38.07,-7.82],[-38.05,-7.76],[-38,-7.78],[-37.98,-7.77],[-37.93,-7.74],[-37.89,-7.71],[-37.88,-7.68],[-37.78,-7.63],[-37.77,-7.65],[-37.74,-7.66],[-37.76,-7.62],[-37.73,-7.58],[-37.68,-7.54],[-37.62,-7.53],[-37.59,-7.5],[-37.53,-7.45],[-37.52,-7.43],[-37.49,-7.38],[-37.43,-7.35],[-37.35,-7.34],[-37.28,-7.28],[-37.2,-7.29],[-37.18,-7.31]]],[[[-32.41,-3.84],[-32.4,-3.85],[-32.42,-3.86],[-32.42,-3.87],[-32.44,-3.87],[-32.46,-3.88],[-32.45,-3.85],[-32.41,-3.84]]],[[[-32.4,-3.84]]]]}},{"type":"Feature","properties":{"sigla":"PI","name":"Piauí"},"geometry":{"type":"MultiPolygon","coordinates":[[[[-41.74,-2.81],[-41.72,-2.81],[-41.68,-2.84],[-41.63,-2.89],[-41.56,-2.9],[-41.5,-2.9],[-41.46,-2.9],[-41.42,-2.91],[-41.38,-2.91],[-41.36,-2.92],[-41.33,-2.92],[-41.3,-2.97],[-41.26,-3],[-41.25,-3.04],[-41.26,-3.07],[-41.29,-3.1],[-41.32,-3.18],[-41.4,-3.33],[-41.42,-3.37],[-41.4,-3.4],[-41.35,-3.41],[-41.33,-3.47],[-41.31,-3.49],[-41.32,-3.53],[-41.37,-3.57],[-41.34,-3.67],[-41.32,-3.69],[-41.26,-3.7],[-41.26,-3.73],[-41.28,-3.81],[-41.28,-3.83],[-41.26,-3.86],[-41.24,-3.9],[-41.22,-3.95],[-41.24,-3.99],[-41.25,-4.03],[-41.2,-4.02],[-41.18,-4.03],[-41.11,-4.04],[-41.12,-4.08],[-41.13,-4.14],[-41.09,-4.17],[-41.12,-4.32],[-41.16,-4.41],[-41.19,-4.49],[-41.21,-4.55],[-41.24,-4.57],[-41.23,-4.61],[-41.2,-4.65],[-41.2,-4.7],[-41.25,-4.76],[-41.21,-4.78],[-41.23,-4.82],[-41.25,-4.87],[-41.22,-4.94],[-41.18,-4.95],[-41.14,-5],[-41.13,-5.05],[-41.08,-5.08],[-41.05,-5.1],[-41.02,-5.11],[-40.97,-5.15],[-40.94,-5.17],[-40.93,-5.2],[-40.94,-5.24],[-40.92,-5.25],[-40.92,-5.28],[-40.92,-5.31],[-40.92,-5.34],[-40.93,-5.37],[-40.91,-5.41],[-40.94,-5.44],[-40.93,-5.48],[-40.93,-5.52],[-40.91,-5.58],[-40.91,-5.64],[-40.93,-5.69],[-40.91,-5.79],[-40.9,-5.89],[-40.89,-6.01],[-40.88,-6.05],[-40.85,-6.16],[-40.79,-6.3],[-40.8,-6.38],[-40.79,-6.5],[-40.78,-6.53],[-40.71,-6.68],[-40.52,-6.73],[-40.45,-6.77],[-40.43,-6.81],[-40.37,-6.81],[-40.41,-6.86],[-40.43,-6.9],[-40.43,-6.99],[-40.44,-7.02],[-40.44,-7.05],[-40.47,-7.09],[-40.5,-7.17],[-40.51,-7.3],[-40.54,-7.34],[-40.66,-7.44],[-40.68,-7.45],[-40.65,-7.59],[-40.67,-7.76],[-40.56,-7.82],[-40.54,-7.96],[-40.6,-8.1],[-40.6,-8.14],[-40.64,-8.15],[-40.67,-8.17],[-40.7,-8.2],[-40.74,-8.23],[-40.78,-8.25],[-40.78,-8.29],[-40.79,-8.32],[-40.82,-8.34],[-40.86,-8.38],[-40.89,-8.37],[-40.9,-8.41],[-40.96,-8.42],[-40.97,-8.41],[-41.04,-8.43],[-41.08,-8.48],[-41.11,-8.53],[-41.15,-8.55],[-41.18,-8.59],[-41.21,-8.61],[-41.24,-8.65],[-41.36,-8.71],[-41.39,-8.73],[-41.43,-8.8],[-41.49,-8.86],[-41.51,-8.89],[-41.54,-8.93],[-41.57,-8.95],[-41.61,-8.97],[-41.67,-8.99],[-41.73,-9.02],[-41.76,-9.12],[-41.82,-9.19],[-41.88,-9.25],[-41.92,-9.28],[-41.96,-9.25],[-42.05,-9.26],[-42.19,-9.29],[-42.24,-9.29],[-42.32,-9.33],[-42.36,-9.38],[-42.44,-9.46],[-42.49,-9.47],[-42.56,-9.5],[-42.6,-9.51],[-42.65,-9.54],[-42.72,-9.56],[-42.76,-9.59],[-42.82,-9.62],[-42.83,-9.58],[-42.87,-9.56],[-42.95,-9.52],[-42.96,-9.46],[-42.97,-9.41],[-43.01,-9.41],[-43.06,-9.41],[-43.08,-9.39],[-43.12,-9.38],[-43.15,-9.38],[-43.2,-9.41],[-43.24,-9.41],[-43.28,-9.42],[-43.32,-9.38],[-43.42,-9.28],[-43.5,-9.27],[-43.57,-9.31],[-43.77,-9.44],[-43.82,-9.49],[-43.84,-9.61],[-43.84,-9.64],[-43.8,-9.73],[-43.75,-9.78],[-43.69,-9.8],[-43.65,-9.84],[-43.69,-9.89],[-43.7,-9.92],[-43.69,-9.97],[-43.67,-10.03],[-43.75,-10.07],[-43.77,-10.11],[-43.84,-10.27],[-43.87,-10.33],[-43.91,-10.38],[-43.95,-10.43],[-44.02,-10.4],[-44.04,-10.49],[-44.09,-10.59],[-44.13,-10.64],[-44.19,-10.63],[-44.27,-10.62],[-44.32,-10.55],[-44.42,-10.61],[-44.5,-10.65],[-44.59,-10.63],[-44.65,-10.68],[-44.66,-10.73],[-44.75,-10.78],[-44.79,-10.81],[-44.82,-10.88],[-44.86,-10.88],[-44.9,-10.91],[-44.99,-10.88],[-45.08,-10.84],[-45.15,-10.84],[-45.22,-10.82],[-45.26,-10.8],[-45.37,-10.67],[-45.44,-10.62],[-45.44,-10.52],[-45.41,-10.43],[-45.43,-10.37],[-45.5,-10.3],[-45.52,-10.24],[-45.57,-10.16],[-45.64,-10.13],[-45.7,-10.16],[-45.73,-10.21],[-45.88,-10.24],[-45.95,-10.21],[-45.93,-10.19],[-45.91,-10.16],[-45.88,-10.11],[-45.87,-10.05],[-45.86,-9.99],[-45.85,-9.96],[-45.86,-9.91],[-45.86,-9.87],[-45.86,-9.85],[-45.84,-9.8],[-45.83,-9.75],[-45.83,-9.72],[-45.83,-9.7],[-45.83,-9.64],[-45.83,-9.6],[-45.84,-9.58],[-45.83,-9.54],[-45.81,-9.5],[-45.79,-9.48],[-45.79,-9.46],[-45.79,-9.44],[-45.82,-9.39],[-45.86,-9.36],[-45.9,-9.33],[-45.91,-9.3],[-45.9,-9.27],[-45.9,-9.23],[-45.91,-9.19],[-45.92,-9.15],[-45.92,-9.1],[-45.93,-9.07],[-45.94,-9.03],[-45.97,-8.97],[-45.99,-8.91],[-45.98,-8.88],[-45.96,-8.86],[-45.95,-8.83],[-45.94,-8.78],[-45.91,-8.76],[-45.87,-8.73],[-45.84,-8.71],[-45.82,-8.63],[-45.77,-8.61],[-45.77,-8.57],[-45.75,-8.54],[-45.74,-8.5],[-45.74,-8.44],[-45.72,-8.4],[-45.69,-8.36],[-45.69,-8.34],[-45.68,-8.3],[-45.66,-8.25],[-45.61,-8.19],[-45.58,-8.14],[-45.57,-8.11],[-45.57,-8.07],[-45.56,-8.05],[-45.55,-8.01],[-45.55,-7.97],[-45.56,-7.95],[-45.53,-7.92],[-45.53,-7.9],[-45.52,-7.88],[-45.54,-7.86],[-45.52,-7.85],[-45.51,-7.82],[-45.5,-7.79],[-45.49,-7.79],[-45.49,-7.75],[-45.48,-7.74],[-45.47,-7.71],[-45.46,-7.69],[-45.46,-7.67],[-45.44,-7.67],[-45.41,-7.65],[-45.4,-7.64],[-45.38,-7.61],[-45.34,-7.59],[-45.3,-7.57],[-45.25,-7.56],[-45.21,-7.57],[-45.16,-7.51],[-45.13,-7.51],[-45.07,-7.5],[-45.01,-7.5],[-44.98,-7.48],[-44.94,-7.47],[-44.9,-7.43],[-44.85,-7.4],[-44.82,-7.37],[-44.73,-7.39],[-44.69,-7.39],[-44.66,-7.33],[-44.62,-7.31],[-44.57,-7.24],[-44.52,-7.22],[-44.49,-7.18],[-44.38,-7.12],[-44.32,-7.12],[-44.27,-7.03],[-44.21,-6.96],[-44.18,-6.9],[-44.14,-6.86],[-44.11,-6.86],[-44.11,-6.8],[-44.06,-6.81],[-43.99,-6.76],[-43.93,-6.77],[-43.85,-6.74],[-43.77,-6.71],[-43.72,-6.7],[-43.63,-6.73],[-43.57,-6.75],[-43.54,-6.79],[-43.49,-6.82],[-43.43,-6.84],[-43.39,-6.83],[-43.31,-6.8],[-43.25,-6.77],[-43.13,-6.78],[-43.05,-6.76],[-42.98,-6.72],[-42.92,-6.64],[-42.87,-6.51],[-42.87,-6.49],[-42.88,-6.43],[-42.86,-6.37],[-42.85,-6.33],[-42.85,-6.28],[-42.87,-6.23],[-42.93,-6.19],[-42.98,-6.13],[-43.05,-6.1],[-43.06,-6.03],[-43.06,-5.98],[-43.09,-5.92],[-43.08,-5.87],[-43.1,-5.79],[-43.08,-5.73],[-43.09,-5.61],[-43.03,-5.59],[-42.98,-5.49],[-42.96,-5.45],[-42.91,-5.4],[-42.87,-5.38],[-42.83,-5.35],[-42.83,-5.24],[-42.8,-5.15],[-42.82,-5.09],[-42.86,-4.98],[-42.87,-4.93],[-42.89,-4.87],[-42.94,-4.81],[-42.92,-4.72],[-42.92,-4.65],[-42.87,-4.56],[-42.86,-4.5],[-42.88,-4.46],[-42.89,-4.41],[-42.96,-4.38],[-42.98,-4.29],[-42.94,-4.16],[-42.89,-4.15],[-42.88,-4.11],[-42.81,-3.99],[-42.78,-3.96],[-42.72,-3.88],[-42.68,-3.77],[-42.68,-3.69],[-42.63,-3.63],[-42.56,-3.56],[-42.51,-3.48],[-42.49,-3.45],[-42.46,-3.49],[-42.42,-3.46],[-42.39,-3.46],[-42.33,-3.43],[-42.27,-3.44],[-42.2,-3.43],[-42.19,-3.39],[-42.13,-3.34],[-42.1,-3.3],[-42.13,-3.28],[-42.02,-3.25],[-41.98,-3.22],[-41.94,-3.19],[-41.92,-3.14],[-41.9,-3.1],[-41.84,-3.04],[-41.8,-2.94],[-41.86,-2.88],[-41.85,-2.83],[-41.82,-2.76],[-41.8,-2.75],[-41.75,-2.8],[-41.74,-2.81]]]]}},{"type":"Feature","properties":{"sigla":"PR","name":"Paraná"},"geometry":{"type":"MultiPolygon","coordinates":[[[[-52.06,-22.53],[-52.03,-22.54],[-51.89,-22.61],[-51.85,-22.63],[-51.73,-22.62],[-51.68,-22.66],[-51.62,-22.66],[-51.53,-22.69],[-51.4,-22.67],[-51.32,-22.67],[-51.25,-22.68],[-51.17,-22.74],[-50.99,-22.79],[-50.93,-22.8],[-50.82,-22.86],[-50.79,-22.89],[-50.79,-22.95],[-50.73,-22.96],[-50.62,-22.91],[-50.54,-22.91],[-50.5,-22.95],[-50.45,-22.94],[-50.4,-22.91],[-50.34,-22.93],[-50.3,-22.94],[-50.25,-22.94],[-50.22,-22.95],[-50.16,-22.94],[-50.09,-22.92],[-50.05,-22.9],[-50,-22.93],[-49.96,-22.92],[-49.96,-22.97],[-49.9,-23.01],[-49.88,-23.06],[-49.85,-23.07],[-49.81,-23.08],[-49.8,-23.09],[-49.75,-23.1],[-49.73,-23.13],[-49.7,-23.16],[-49.67,-23.18],[-49.65,-23.24],[-49.63,-23.31],[-49.64,-23.35],[-49.6,-23.37],[-49.62,-23.4],[-49.59,-23.41],[-49.57,-23.43],[-49.6,-23.44],[-49.6,-23.48],[-49.62,-23.5],[-49.62,-23.52],[-49.6,-23.55],[-49.61,-23.59],[-49.61,-23.61],[-49.61,-23.63],[-49.58,-23.66],[-49.57,-23.68],[-49.56,-23.68],[-49.55,-23.7],[-49.56,-23.73],[-49.57,-23.78],[-49.56,-23.81],[-49.59,-23.83],[-49.61,-23.84],[-49.61,-23.85],[-49.59,-23.87],[-49.58,-23.9],[-49.55,-23.91],[-49.53,-23.93],[-49.51,-23.93],[-49.51,-23.94],[-49.52,-23.97],[-49.5,-23.99],[-49.48,-24.01],[-49.48,-24.02],[-49.47,-24.03],[-49.45,-24.06],[-49.43,-24.07],[-49.41,-24.1],[-49.39,-24.12],[-49.36,-24.12],[-49.34,-24.15],[-49.35,-24.21],[-49.32,-24.24],[-49.31,-24.26],[-49.3,-24.29],[-49.27,-24.31],[-49.22,-24.34],[-49.25,-24.41],[-49.23,-24.41],[-49.25,-24.45],[-49.25,-24.46],[-49.27,-24.49],[-49.28,-24.54],[-49.32,-24.56],[-49.31,-24.59],[-49.31,-24.61],[-49.31,-24.64],[-49.3,-24.66],[-49.26,-24.69],[-49.2,-24.69],[-49.17,-24.68],[-49.11,-24.69],[-49.09,-24.68],[-49.06,-24.68],[-49.03,-24.65],[-49,-24.63],[-48.99,-24.66],[-48.98,-24.67],[-48.95,-24.68],[-48.91,-24.67],[-48.85,-24.67],[-48.83,-24.66],[-48.8,-24.67],[-48.75,-24.68],[-48.73,-24.69],[-48.69,-24.69],[-48.67,-24.68],[-48.67,-24.7],[-48.63,-24.68],[-48.61,-24.67],[-48.58,-24.67],[-48.57,-24.7],[-48.55,-24.72],[-48.53,-24.73],[-48.51,-24.74],[-48.51,-24.75],[-48.52,-24.78],[-48.56,-24.82],[-48.57,-24.86],[-48.55,-24.88],[-48.56,-24.89],[-48.57,-24.92],[-48.57,-24.95],[-48.59,-24.99],[-48.59,-25.02],[-48.58,-25.04],[-48.56,-25.07],[-48.53,-25.1],[-48.5,-25.06],[-48.43,-24.99],[-48.38,-25],[-48.35,-25.03],[-48.34,-25.04],[-48.33,-25.07],[-48.29,-25.02],[-48.27,-25],[-48.25,-24.99],[-48.23,-25],[-48.23,-25.02],[-48.22,-25.04],[-48.21,-25.08],[-48.18,-25.13],[-48.16,-25.14],[-48.18,-25.18],[-48.16,-25.21],[-48.1,-25.24],[-48.08,-25.24],[-48.06,-25.22],[-48.04,-25.22],[-48.02,-25.23],[-48.1,-25.3],[-48.15,-25.36],[-48.21,-25.46],[-48.29,-25.49],[-48.28,-25.51],[-48.3,-25.56],[-48.32,-25.58],[-48.41,-25.62],[-48.46,-25.69],[-48.52,-25.8],[-48.53,-25.85],[-48.55,-25.85],[-48.57,-25.89],[-48.58,-25.92],[-48.59,-25.98],[-48.61,-25.98],[-48.62,-25.98],[-48.64,-25.96],[-48.67,-25.98],[-48.96,-25.98],[-48.96,-25.99],[-48.98,-26],[-49,-26.01],[-49.03,-26],[-49.07,-26.01],[-49.09,-26],[-49.11,-26],[-49.14,-26.01],[-49.17,-26],[-49.19,-26.01],[-49.21,-26.03],[-49.24,-26.04],[-49.26,-26.06],[-49.27,-26.08],[-49.28,-26.08],[-49.29,-26.09],[-49.3,-26.11],[-49.35,-26.13],[-49.37,-26.14],[-49.39,-26.16],[-49.42,-26.15],[-49.44,-26.17],[-49.49,-26.18],[-49.5,-26.2],[-49.5,-26.22],[-49.53,-26.22],[-49.54,-26.22],[-49.55,-26.22],[-49.58,-26.21],[-49.6,-26.23],[-49.63,-26.21],[-49.63,-26.2],[-49.65,-26.19],[-49.67,-26.18],[-49.68,-26.18],[-49.74,-26.16],[-49.75,-26.14],[-49.78,-26.11],[-49.79,-26.1],[-49.81,-26.1],[-49.83,-26.07],[-49.83,-26.06],[-49.86,-26.05],[-49.9,-26.03],[-49.94,-26.03],[-49.95,-26.02],[-49.96,-26.02],[-50.01,-26.03],[-50.04,-26.03],[-50.07,-26.03],[-50.09,-26.04],[-50.12,-26.06],[-50.15,-26.04],[-50.18,-26.03],[-50.16,-26.05],[-50.19,-26.07],[-50.22,-26.06],[-50.25,-26.03],[-50.27,-26.05],[-50.32,-26.08],[-50.33,-26.1],[-50.33,-26.13],[-50.35,-26.12],[-50.37,-26.11],[-50.41,-26.06],[-50.44,-26.05],[-50.46,-26.04],[-50.48,-26.03],[-50.5,-26.02],[-50.55,-26.04],[-50.59,-26.04],[-50.55,-26.04],[-50.63,-26.06],[-50.65,-26.13],[-50.71,-26.19],[-50.75,-26.23],[-50.83,-26.25],[-50.87,-26.24],[-50.9,-26.29],[-50.94,-26.23],[-50.95,-26.27],[-51,-26.23],[-51.08,-26.23],[-51.1,-26.27],[-51.14,-26.29],[-51.16,-26.29],[-51.21,-26.3],[-51.24,-26.33],[-51.25,-26.35],[-51.27,-26.38],[-51.29,-26.4],[-51.28,-26.44],[-51.27,-26.46],[-51.25,-26.47],[-51.27,-26.5],[-51.25,-26.52],[-51.24,-26.54],[-51.22,-26.57],[-51.23,-26.6],[-51.24,-26.63],[-51.27,-26.64],[-51.31,-26.65],[-51.33,-26.65],[-51.39,-26.66],[-51.4,-26.71],[-51.45,-26.66],[-51.47,-26.62],[-51.49,-26.59],[-51.58,-26.59],[-51.63,-26.59],[-51.73,-26.57],[-51.79,-26.59],[-51.84,-26.59],[-51.88,-26.59],[-51.97,-26.57],[-51.99,-26.57],[-52.03,-26.55],[-52.06,-26.53],[-52.09,-26.51],[-52.11,-26.48],[-52.14,-26.47],[-52.21,-26.46],[-52.26,-26.45],[-52.3,-26.44],[-52.35,-26.44],[-52.39,-26.43],[-52.44,-26.44],[-52.48,-26.42],[-52.54,-26.4],[-52.59,-26.41],[-52.61,-26.41],[-52.66,-26.37],[-52.73,-26.35],[-52.76,-26.35],[-52.84,-26.35],[-52.87,-26.36],[-52.94,-26.36],[-53.03,-26.37],[-53.11,-26.38],[-53.14,-26.36],[-53.17,-26.35],[-53.23,-26.31],[-53.26,-26.29],[-53.28,-26.26],[-53.31,-26.26],[-53.34,-26.25],[-53.36,-26.25],[-53.38,-26.25],[-53.44,-26.28],[-53.5,-26.3],[-53.57,-26.28],[-53.6,-26.26],[-53.63,-26.26],[-53.65,-26.24],[-53.64,-26.22],[-53.65,-26.19],[-53.67,-26.18],[-53.69,-26.16],[-53.71,-26.14],[-53.73,-26.12],[-53.74,-26.1],[-53.73,-26.07],[-53.73,-26.05],[-53.74,-26.04],[-53.76,-26.03],[-53.78,-26.02],[-53.79,-26.01],[-53.8,-26],[-53.81,-25.99],[-53.81,-25.98],[-53.83,-25.97],[-53.84,-25.96],[-53.83,-25.92],[-53.82,-25.91],[-53.83,-25.91],[-53.84,-25.89],[-53.83,-25.88],[-53.83,-25.86],[-53.84,-25.86],[-53.85,-25.84],[-53.84,-25.82],[-53.82,-25.82],[-53.82,-25.8],[-53.83,-25.79],[-53.85,-25.77],[-53.84,-25.76],[-53.85,-25.74],[-53.86,-25.72],[-53.88,-25.71],[-53.86,-25.71],[-53.84,-25.69],[-53.86,-25.67],[-53.88,-25.66],[-53.88,-25.64],[-53.89,-25.63],[-53.91,-25.64],[-53.91,-25.62],[-53.94,-25.62],[-53.95,-25.63],[-53.95,-25.65],[-53.96,-25.62],[-53.97,-25.6],[-54,-25.58],[-54.03,-25.57],[-54.05,-25.58],[-54.08,-25.56],[-54.09,-25.59],[-54.1,-25.62],[-54.12,-25.57],[-54.11,-25.53],[-54.1,-25.49],[-54.15,-25.53],[-54.17,-25.54],[-54.21,-25.55],[-54.19,-25.56],[-54.18,-25.58],[-54.21,-25.57],[-54.23,-25.58],[-54.26,-25.58],[-54.29,-25.56],[-54.34,-25.6],[-54.36,-25.6],[-54.39,-25.61],[-54.4,-25.64],[-54.42,-25.68],[-54.44,-25.69],[-54.46,-25.64],[-54.51,-25.62],[-54.54,-25.62],[-54.55,-25.59],[-54.59,-25.59],[-54.59,-25.55],[-54.6,-25.5],[-54.62,-25.47],[-54.6,-25.44],[-54.59,-25.4],[-54.57,-25.37],[-54.53,-25.34],[-54.51,-25.31],[-54.49,-25.26],[-54.47,-25.21],[-54.44,-25.17],[-54.43,-25.13],[-54.46,-25.1],[-54.46,-25.07],[-54.45,-25.02],[-54.44,-24.95],[-54.43,-24.91],[-54.41,-24.86],[-54.4,-24.82],[-54.38,-24.77],[-54.36,-24.74],[-54.32,-24.65],[-54.32,-24.61],[-54.34,-24.53],[-54.33,-24.48],[-54.3,-24.43],[-54.28,-24.39],[-54.26,-24.37],[-54.27,-24.31],[-54.32,-24.25],[-54.33,-24.21],[-54.34,-24.17],[-54.34,-24.13],[-54.31,-24.1],[-54.27,-24.06],[-54.11,-23.96],[-54.09,-23.84],[-54.08,-23.76],[-54.03,-23.63],[-53.97,-23.45],[-53.78,-23.37],[-53.71,-23.27],[-53.64,-23.12],[-53.62,-22.97],[-53.56,-22.92],[-53.48,-22.86],[-53.41,-22.81],[-53.33,-22.76],[-53.1,-22.62],[-53.04,-22.62],[-52.92,-22.57],[-52.84,-22.61],[-52.72,-22.63],[-52.58,-22.57],[-52.52,-22.62],[-52.45,-22.61],[-52.3,-22.64],[-52.23,-22.64],[-52.2,-22.66],[-52.16,-22.58],[-52.11,-22.52],[-52.06,-22.53]]]]}},{"type":"Feature","properties":{"sigla":"RJ","name":"Rio de Janeiro"},"geometry":{"type":"MultiPolygon","coordinates":[[[[-44.51,-23.29],[-44.54,-23.3],[-44.55,-23.31],[-44.56,-23.33],[-44.6,-23.36],[-44.61,-23.35],[-44.63,-23.35],[-44.65,-23.33],[-44.66,-23.35],[-44.68,-23.35],[-44.69,-23.35],[-44.72,-23.35],[-44.73,-23.36],[-44.74,-23.36],[-44.78,-23.34],[-44.79,-23.3],[-44.83,-23.28],[-44.86,-23.25],[-44.88,-23.22],[-44.86,-23.18],[-44.85,-23.17],[-44.83,-23.14],[-44.81,-23.13],[-44.81,-23.1],[-44.81,-23.07],[-44.8,-23.05],[-44.8,-23.02],[-44.79,-22.98],[-44.75,-22.98],[-44.71,-22.93],[-44.67,-22.92],[-44.63,-22.9],[-44.55,-22.89],[-44.52,-22.86],[-44.48,-22.85],[-44.48,-22.87],[-44.42,-22.85],[-44.39,-22.85],[-44.32,-22.84],[-44.29,-22.83],[-44.26,-22.8],[-44.26,-22.79],[-44.24,-22.76],[-44.2,-22.72],[-44.18,-22.71],[-44.17,-22.69],[-44.17,-22.66],[-44.2,-22.63],[-44.22,-22.62],[-44.25,-22.61],[-44.28,-22.6],[-44.31,-22.6],[-44.33,-22.59],[-44.35,-22.6],[-44.36,-22.59],[-44.37,-22.58],[-44.4,-22.59],[-44.43,-22.6],[-44.46,-22.61],[-44.49,-22.61],[-44.53,-22.63],[-44.53,-22.62],[-44.57,-22.61],[-44.6,-22.61],[-44.62,-22.61],[-44.64,-22.56],[-44.68,-22.54],[-44.7,-22.51],[-44.71,-22.49],[-44.72,-22.47],[-44.76,-22.41],[-44.81,-22.4],[-44.78,-22.38],[-44.75,-22.38],[-44.72,-22.36],[-44.69,-22.37],[-44.65,-22.37],[-44.63,-22.35],[-44.58,-22.33],[-44.56,-22.33],[-44.52,-22.32],[-44.46,-22.28],[-44.45,-22.26],[-44.41,-22.25],[-44.38,-22.27],[-44.34,-22.26],[-44.31,-22.25],[-44.27,-22.24],[-44.26,-22.26],[-44.24,-22.26],[-44.21,-22.25],[-44.18,-22.23],[-44.17,-22.23],[-44.15,-22.22],[-44.12,-22.2],[-44.1,-22.18],[-44.09,-22.18],[-44.04,-22.16],[-44,-22.16],[-43.98,-22.15],[-43.89,-22.11],[-43.87,-22.1],[-43.82,-22.09],[-43.8,-22.08],[-43.76,-22.07],[-43.75,-22.09],[-43.72,-22.08],[-43.7,-22.08],[-43.67,-22.08],[-43.63,-22.07],[-43.6,-22.07],[-43.59,-22.05],[-43.56,-22.09],[-43.51,-22.07],[-43.47,-22.07],[-43.42,-22.05],[-43.35,-22],[-43.32,-22.02],[-43.27,-22.01],[-43.24,-22.01],[-43.2,-22.03],[-43.18,-22.02],[-43.15,-22.03],[-43.13,-22.05],[-43.14,-22.11],[-43.08,-22.08],[-43.05,-22.08],[-43.03,-22.06],[-42.99,-22.04],[-42.95,-22.01],[-42.83,-21.94],[-42.78,-21.93],[-42.76,-21.91],[-42.71,-21.89],[-42.7,-21.89],[-42.66,-21.87],[-42.61,-21.85],[-42.58,-21.84],[-42.43,-21.77],[-42.34,-21.75],[-42.27,-21.71],[-42.27,-21.68],[-42.28,-21.67],[-42.32,-21.66],[-42.34,-21.66],[-42.37,-21.64],[-42.37,-21.62],[-42.33,-21.56],[-42.3,-21.54],[-42.25,-21.49],[-42.29,-21.45],[-42.28,-21.43],[-42.28,-21.41],[-42.25,-21.39],[-42.24,-21.37],[-42.24,-21.34],[-42.24,-21.32],[-42.21,-21.27],[-42.2,-21.23],[-42.19,-21.2],[-42.2,-21.17],[-42.19,-21.15],[-42.17,-21.11],[-42.13,-21.09],[-42.1,-21.05],[-42.08,-21.04],[-42.11,-21.01],[-42.14,-20.99],[-42.14,-20.96],[-42.11,-20.95],[-42.09,-20.94],[-42.02,-20.92],[-41.98,-20.92],[-41.97,-20.9],[-41.95,-20.87],[-41.93,-20.84],[-41.9,-20.8],[-41.87,-20.77],[-41.83,-20.79],[-41.81,-20.8],[-41.77,-20.8],[-41.75,-20.82],[-41.74,-20.83],[-41.74,-20.87],[-41.73,-20.89],[-41.74,-20.93],[-41.71,-20.98],[-41.72,-21.01],[-41.73,-21.03],[-41.72,-21.06],[-41.73,-21.11],[-41.7,-21.11],[-41.7,-21.12],[-41.68,-21.13],[-41.66,-21.13],[-41.63,-21.14],[-41.58,-21.17],[-41.55,-21.18],[-41.5,-21.18],[-41.48,-21.19],[-41.44,-21.22],[-41.41,-21.2],[-41.39,-21.2],[-41.37,-21.2],[-41.33,-21.21],[-41.31,-21.22],[-41.28,-21.23],[-41.27,-21.23],[-41.23,-21.23],[-41.22,-21.23],[-41.19,-21.25],[-41.18,-21.24],[-41.16,-21.24],[-41.12,-21.23],[-41.08,-21.22],[-41.06,-21.24],[-41,-21.27],[-40.98,-21.29],[-40.96,-21.3],[-40.96,-21.35],[-40.98,-21.39],[-41,-21.4],[-41.02,-21.44],[-41.04,-21.46],[-41.06,-21.49],[-41.06,-21.58],[-41.03,-21.6],[-41.03,-21.72],[-41.01,-21.78],[-40.99,-21.89],[-40.97,-21.97],[-41.01,-22.02],[-41.11,-22.08],[-41.2,-22.13],[-41.25,-22.15],[-41.3,-22.16],[-41.38,-22.18],[-41.47,-22.21],[-41.57,-22.25],[-41.63,-22.27],[-41.73,-22.33],[-41.77,-22.36],[-41.77,-22.39],[-41.79,-22.4],[-41.84,-22.43],[-41.86,-22.46],[-41.87,-22.48],[-41.91,-22.51],[-41.94,-22.54],[-41.96,-22.53],[-41.98,-22.58],[-42,-22.63],[-42,-22.67],[-41.97,-22.73],[-41.95,-22.75],[-41.92,-22.77],[-41.9,-22.75],[-41.88,-22.74],[-41.87,-22.75],[-41.88,-22.77],[-41.89,-22.78],[-41.92,-22.78],[-41.93,-22.81],[-41.97,-22.82],[-41.99,-22.86],[-42.01,-22.88],[-42.03,-22.9],[-42.04,-22.93],[-42.02,-22.95],[-42.02,-22.96],[-42,-22.96],[-42.01,-22.97],[-42.01,-22.98],[-42.02,-22.99],[-42.03,-22.97],[-42.23,-22.94],[-42.41,-22.94],[-42.47,-22.94],[-42.51,-22.93],[-42.59,-22.93],[-42.64,-22.94],[-42.68,-22.95],[-42.71,-22.96],[-42.77,-22.96],[-42.84,-22.96],[-42.9,-22.97],[-42.95,-22.97],[-43.01,-22.97],[-43.03,-22.98],[-43.05,-22.97],[-43.09,-22.95],[-43.12,-22.95],[-43.13,-22.93],[-43.1,-22.94],[-43.11,-22.92],[-43.13,-22.91],[-43.13,-22.89],[-43.12,-22.88],[-43.11,-22.86],[-43.1,-22.85],[-43.09,-22.82],[-43.07,-22.8],[-43.07,-22.77],[-43.04,-22.75],[-43.03,-22.72],[-43.03,-22.69],[-43.05,-22.68],[-43.09,-22.68],[-43.11,-22.69],[-43.12,-22.71],[-43.15,-22.71],[-43.21,-22.73],[-43.22,-22.74],[-43.24,-22.74],[-43.25,-22.76],[-43.27,-22.78],[-43.29,-22.81],[-43.26,-22.83],[-43.24,-22.86],[-43.22,-22.87],[-43.2,-22.88],[-43.18,-22.89],[-43.16,-22.91],[-43.17,-22.92],[-43.17,-22.94],[-43.17,-22.95],[-43.16,-22.95],[-43.18,-22.97],[-43.21,-22.99],[-43.27,-23],[-43.29,-23.02],[-43.36,-23.01],[-43.47,-23.03],[-43.49,-23.03],[-43.51,-23.05],[-43.54,-23.06],[-43.55,-23.08],[-43.57,-23.07],[-43.56,-23.05],[-43.57,-23.06],[-43.66,-23.05],[-43.68,-23.05],[-43.6,-23.04],[-43.6,-23.03],[-43.63,-23.01],[-43.66,-23],[-43.7,-22.99],[-43.72,-22.96],[-43.75,-22.94],[-43.78,-22.92],[-43.81,-22.92],[-43.82,-22.91],[-43.84,-22.93],[-43.85,-22.92],[-43.85,-22.9],[-43.88,-22.91],[-43.93,-22.93],[-43.97,-22.93],[-43.99,-22.94],[-44.01,-22.95],[-44.03,-22.96],[-44.04,-22.98],[-44.04,-22.96],[-44.05,-22.94],[-44.08,-22.96],[-44.08,-22.99],[-44.1,-23.01],[-44.11,-23.02],[-44.14,-23.03],[-44.16,-23.03],[-44.17,-23.04],[-44.19,-23.05],[-44.2,-23.04],[-44.24,-23.06],[-44.24,-23.03],[-44.22,-23.01],[-44.25,-23],[-44.27,-23],[-44.28,-23.01],[-44.3,-23.02],[-44.31,-23.01],[-44.33,-23.02],[-44.35,-23.03],[-44.36,-23.01],[-44.34,-22.99],[-44.32,-22.98],[-44.31,-22.96],[-44.32,-22.96],[-44.34,-22.96],[-44.32,-22.94],[-44.34,-22.92],[-44.35,-22.93],[-44.36,-22.93],[-44.36,-22.94],[-44.36,-22.96],[-44.38,-22.97],[-44.39,-22.95],[-44.41,-22.95],[-44.42,-22.96],[-44.43,-22.96],[-44.43,-22.98],[-44.44,-22.99],[-44.44,-23.01],[-44.44,-23.02],[-44.46,-23.01],[-44.48,-23.01],[-44.5,-23.03],[-44.55,-23.04],[-44.58,-23.05],[-44.59,-23.06],[-44.61,-23.05],[-44.64,-23.05],[-44.65,-23.05],[-44.67,-23.06],[-44.69,-23.08],[-44.7,-23.12],[-44.7,-23.13],[-44.7,-23.15],[-44.7,-23.17],[-44.71,-23.18],[-44.72,-23.19],[-44.71,-23.22],[-44.69,-23.22],[-44.67,-23.21],[-44.65,-23.19],[-44.64,-23.2],[-44.63,-23.21],[-44.64,-23.22],[-44.65,-23.22],[-44.66,-23.22],[-44.67,-23.23],[-44.68,-23.24],[-44.67,-23.25],[-44.64,-23.24],[-44.63,-23.26],[-44.65,-23.29],[-44.64,-23.3],[-44.63,-23.27],[-44.6,-23.24],[-44.56,-23.23],[-44.58,-23.25],[-44.58,-23.27],[-44.54,-23.27],[-44.52,-23.28],[-44.51,-23.29]],[[-43.36,-22.99],[-43.31,-23],[-43.32,-23],[-43.35,-22.98],[-43.39,-22.98],[-43.41,-22.99],[-43.38,-22.98],[-43.35,-22.98],[-43.36,-22.99]]],[[[-44.23,-23.09],[-44.2,-23.1],[-44.21,-23.11],[-44.19,-23.12],[-44.17,-23.13],[-44.16,-23.14],[-44.12,-23.12],[-44.14,-23.15],[-44.12,-23.15],[-44.09,-23.17],[-44.12,-23.19],[-44.13,-23.17],[-44.16,-23.17],[-44.17,-23.18],[-44.19,-23.19],[-44.2,-23.2],[-44.23,-23.2],[-44.25,-23.2],[-44.26,-23.19],[-44.27,-23.18],[-44.32,-23.19],[-44.33,-23.22],[-44.35,-23.21],[-44.34,-23.18],[-44.36,-23.18],[-44.37,-23.17],[-44.35,-23.16],[-44.32,-23.14],[-44.31,-23.14],[-44.3,-23.13],[-44.28,-23.13],[-44.25,-23.11],[-44.24,-23.09],[-44.23,-23.09]]],[[[-43.83,-23.06],[-43.81,-23.07],[-43.98,-23.1],[-44.01,-23.09],[-43.99,-23.06],[-43.97,-23.04],[-43.93,-23.06],[-43.89,-23.07],[-43.88,-23.05],[-43.9,-23.03],[-43.83,-23.06]]],[[[-43.18,-22.78],[-43.17,-22.78],[-43.18,-22.8],[-43.17,-22.82],[-43.18,-22.82],[-43.2,-22.82],[-43.23,-22.82],[-43.26,-22.82],[-43.25,-22.81],[-43.23,-22.79],[-43.19,-22.79],[-43.18,-22.78]]],[[[-43.91,-22.94],[-43.9,-22.93],[-43.88,-22.92],[-43.87,-22.95],[-43.91,-22.96],[-43.91,-22.94]]],[[[-43.24,-22.86],[-43.23,-22.84],[-43.23,-22.84],[-43.22,-22.86],[-43.22,-22.87],[-43.24,-22.86]]],[[[-43.93,-23.01],[-43.92,-22.99],[-43.93,-23.01]]],[[[-44.59,-23.21],[-44.61,-23.22],[-44.59,-23.21]]],[[[-44.05,-23],[-44.04,-23.01],[-44.05,-23]]],[[[-44.69,-23.16],[-44.68,-23.16],[-44.69,-23.16]]],[[[-41.7,-22.41],[-41.69,-22.41],[-41.7,-22.41]]],[[[-44.51,-23.29]]],[[[-43.11,-22.76],[-43.11,-22.76]]],[[[-43.11,-22.76],[-43.11,-22.76]]],[[[-43.18,-22.9]]],[[[-44.64,-23.07]]],[[[-43.86,-22.95]]],[[[-41.69,-22.4]]],[[[-44.58,-23.2]]],[[[-44.58,-23.19]]],[[[-43.91,-22.98]]],[[[-44.65,-23.23]]],[[[-41.89,-22.78],[-41.89,-22.78]]],[[[-44.13,-23.04]]],[[[-43.92,-22.94]]],[[[-43.51,-23.07]]],[[[-43.15,-23.06]]],[[[-44.64,-23.23]]],[[[-43.94,-23.02]]],[[[-44.69,-23.22]]],[[[-43.95,-23]]],[[[-43.21,-23.04]]],[[[-44.67,-23.1]]],[[[-43.95,-23.03]]],[[[-43.86,-22.95]]],[[[-44.68,-23.11]]]]}},{"type":"Feature","properties":{"sigla":"RN","name":"Rio Grande do Norte"},"geometry":{"type":"MultiPolygon","coordinates":[[[[-37.15,-4.94],[-37.11,-4.93],[-37.08,-4.93],[-37.05,-4.95],[-36.97,-4.93],[-36.95,-4.92],[-36.88,-4.95],[-36.85,-4.98],[-36.79,-5.04],[-36.72,-5.07],[-36.7,-5.07],[-36.69,-5.09],[-36.63,-5.09],[-36.61,-5.08],[-36.58,-5.08],[-36.54,-5.08],[-36.51,-5.06],[-36.45,-5.07],[-36.38,-5.09],[-36.34,-5.08],[-36.31,-5.1],[-36.28,-5.09],[-36.15,-5.1],[-36.11,-5.08],[-36.06,-5.06],[-36.04,-5.05],[-35.99,-5.05],[-35.96,-5.04],[-35.91,-5.06],[-35.87,-5.07],[-35.8,-5.07],[-35.79,-5.08],[-35.76,-5.09],[-35.71,-5.1],[-35.68,-5.11],[-35.62,-5.12],[-35.6,-5.12],[-35.53,-5.14],[-35.46,-5.19],[-35.42,-5.22],[-35.37,-5.3],[-35.34,-5.37],[-35.31,-5.4],[-35.29,-5.43],[-35.28,-5.46],[-35.26,-5.48],[-35.25,-5.53],[-35.24,-5.56],[-35.23,-5.58],[-35.22,-5.63],[-35.22,-5.66],[-35.2,-5.69],[-35.2,-5.72],[-35.2,-5.76],[-35.19,-5.78],[-35.18,-5.81],[-35.17,-5.88],[-35.16,-5.91],[-35.14,-5.96],[-35.11,-5.99],[-35.11,-6.05],[-35.1,-6.07],[-35.1,-6.17],[-35.08,-6.19],[-35.06,-6.23],[-35.03,-6.28],[-35.03,-6.33],[-35.01,-6.37],[-34.99,-6.37],[-34.98,-6.42],[-34.97,-6.48],[-34.99,-6.5],[-35.04,-6.52],[-35.1,-6.5],[-35.12,-6.53],[-35.16,-6.55],[-35.21,-6.54],[-35.22,-6.52],[-35.33,-6.54],[-35.41,-6.49],[-35.46,-6.48],[-35.49,-6.48],[-35.52,-6.48],[-35.54,-6.48],[-35.56,-6.49],[-35.6,-6.46],[-35.64,-6.45],[-35.71,-6.47],[-35.78,-6.48],[-36,-6.48],[-36.04,-6.44],[-36.07,-6.41],[-36.09,-6.42],[-36.13,-6.43],[-36.25,-6.44],[-36.28,-6.32],[-36.36,-6.31],[-36.5,-6.36],[-36.53,-6.46],[-36.49,-6.52],[-36.46,-6.55],[-36.44,-6.63],[-36.47,-6.62],[-36.52,-6.6],[-36.56,-6.71],[-36.5,-6.76],[-36.53,-6.83],[-36.57,-6.86],[-36.61,-6.94],[-36.65,-6.93],[-36.74,-6.97],[-36.76,-6.9],[-36.77,-6.79],[-36.94,-6.77],[-36.96,-6.77],[-36.98,-6.72],[-37.04,-6.74],[-37.15,-6.79],[-37.23,-6.82],[-37.27,-6.77],[-37.29,-6.71],[-37.4,-6.7],[-37.47,-6.67],[-37.48,-6.64],[-37.48,-6.59],[-37.46,-6.53],[-37.38,-6.44],[-37.39,-6.38],[-37.38,-6.34],[-37.32,-6.29],[-37.28,-6.28],[-37.2,-6.21],[-37.17,-6.18],[-37.17,-6.15],[-37.17,-6.09],[-37.2,-6.04],[-37.24,-6.03],[-37.29,-6.05],[-37.37,-6.08],[-37.42,-6.11],[-37.46,-6.14],[-37.5,-6.15],[-37.54,-6.17],[-37.59,-6.17],[-37.65,-6.19],[-37.75,-6.2],[-37.77,-6.23],[-37.76,-6.25],[-37.79,-6.29],[-37.83,-6.32],[-37.85,-6.37],[-37.89,-6.4],[-37.94,-6.42],[-37.97,-6.42],[-38.01,-6.43],[-38.02,-6.47],[-38.04,-6.45],[-38.06,-6.46],[-38.1,-6.51],[-38.14,-6.51],[-38.19,-6.5],[-38.24,-6.48],[-38.3,-6.49],[-38.34,-6.46],[-38.37,-6.46],[-38.4,-6.41],[-38.47,-6.4],[-38.49,-6.36],[-38.47,-6.33],[-38.51,-6.36],[-38.55,-6.35],[-38.58,-6.35],[-38.57,-6.3],[-38.55,-6.26],[-38.53,-6.21],[-38.47,-6.15],[-38.45,-6.11],[-38.41,-6.06],[-38.38,-6.05],[-38.38,-6.07],[-38.35,-6.08],[-38.31,-6.08],[-38.26,-6.05],[-38.25,-6.01],[-38.19,-5.96],[-38.16,-5.95],[-38.15,-5.92],[-38.12,-5.83],[-38.05,-5.75],[-38.07,-5.72],[-38.08,-5.67],[-38.02,-5.61],[-37.99,-5.56],[-37.92,-5.5],[-37.9,-5.49],[-37.88,-5.44],[-37.84,-5.34],[-37.79,-5.28],[-37.78,-5.23],[-37.73,-5.1],[-37.68,-5.05],[-37.36,-4.86],[-37.25,-4.84],[-37.22,-4.89],[-37.18,-4.92],[-37.15,-4.94]]]]}},{"type":"Feature","properties":{"sigla":"RO","name":"Rondônia"},"geometry":{"type":"MultiPolygon","coordinates":[[[[-66.46,-9.88],[-66.49,-9.87],[-66.5,-9.88],[-66.51,-9.88],[-66.54,-9.88],[-66.55,-9.89],[-66.57,-9.89],[-66.58,-9.9],[-66.62,-9.89],[-66.77,-9.75],[-66.69,-9.73],[-66.61,-9.66],[-66.55,-9.66],[-66.5,-9.63],[-66.39,-9.46],[-66.41,-9.41],[-66.34,-9.42],[-66.31,-9.43],[-66.27,-9.41],[-66.23,-9.43],[-66.16,-9.43],[-66.06,-9.42],[-65.99,-9.41],[-65.95,-9.44],[-65.9,-9.49],[-65.85,-9.52],[-65.82,-9.56],[-65.79,-9.59],[-65.75,-9.56],[-65.7,-9.52],[-65.67,-9.45],[-65.63,-9.43],[-65.59,-9.41],[-65.5,-9.46],[-65.46,-9.47],[-65.45,-9.41],[-65.45,-9.35],[-65.44,-9.31],[-65.38,-9.32],[-65.29,-9.28],[-65.21,-9.3],[-65.2,-9.37],[-65.18,-9.4],[-65.15,-9.44],[-65.09,-9.42],[-65.05,-9.4],[-65.04,-9.37],[-65.02,-9.35],[-65,-9.32],[-64.95,-9.28],[-64.93,-9.24],[-64.93,-9.21],[-64.93,-9.18],[-64.93,-9.12],[-64.89,-9.04],[-64.79,-8.99],[-64.72,-9.01],[-64.67,-9.01],[-64.58,-9],[-64.55,-8.98],[-64.46,-8.98],[-64.38,-8.95],[-64.33,-8.98],[-64.17,-8.96],[-64.15,-8.88],[-64.15,-8.83],[-64.13,-8.72],[-64.07,-8.71],[-64.02,-8.67],[-64.01,-8.64],[-63.99,-8.61],[-63.97,-8.6],[-63.93,-8.56],[-63.97,-8.51],[-63.95,-8.43],[-63.94,-8.35],[-63.9,-8.32],[-63.84,-8.3],[-63.76,-8.29],[-63.74,-8.22],[-63.69,-8.16],[-63.67,-8.09],[-63.62,-8.03],[-62.87,-7.98],[-62.83,-7.99],[-62.71,-8.08],[-62.68,-8.12],[-62.69,-8.17],[-62.65,-8.23],[-62.58,-8.27],[-62.56,-8.28],[-62.55,-8.32],[-62.54,-8.36],[-62.53,-8.38],[-62.49,-8.36],[-62.45,-8.35],[-62.39,-8.38],[-62.36,-8.42],[-62.35,-8.51],[-62.33,-8.55],[-62.34,-8.6],[-62.29,-8.61],[-62.23,-8.59],[-62.18,-8.64],[-62.16,-8.68],[-62.15,-8.72],[-62.09,-8.8],[-62,-8.83],[-61.98,-8.87],[-61.9,-8.87],[-61.86,-8.83],[-61.86,-8.8],[-61.84,-8.73],[-61.76,-8.73],[-61.74,-8.71],[-61.7,-8.71],[-61.64,-8.72],[-61.62,-8.76],[-61.57,-8.8],[-61.53,-8.82],[-61.48,-8.91],[-61.51,-8.98],[-61.55,-9.07],[-61.56,-9.13],[-61.52,-9.18],[-61.54,-9.24],[-61.63,-9.26],[-61.61,-9.28],[-61.62,-9.34],[-61.58,-9.37],[-61.56,-9.44],[-61.57,-9.48],[-61.55,-9.51],[-61.51,-9.54],[-61.5,-9.57],[-61.49,-9.63],[-61.5,-9.66],[-61.53,-9.71],[-61.57,-9.73],[-61.55,-9.79],[-61.53,-9.82],[-61.51,-9.89],[-61.53,-9.93],[-61.54,-9.96],[-61.54,-10],[-61.58,-10.08],[-61.59,-10.11],[-61.59,-10.16],[-61.55,-10.2],[-61.58,-10.23],[-61.54,-10.3],[-61.53,-10.33],[-61.5,-10.38],[-61.48,-10.4],[-61.47,-10.42],[-61.48,-10.45],[-61.47,-10.54],[-61.48,-10.59],[-61.48,-10.64],[-61.49,-10.68],[-61.48,-10.72],[-61.48,-10.76],[-61.49,-10.78],[-61.51,-10.83],[-61.52,-10.89],[-61.51,-10.91],[-61.53,-10.96],[-61.55,-10.98],[-60.97,-10.99],[-60.44,-11.02],[-60.43,-11.04],[-60.41,-11.07],[-60.38,-11.1],[-60.35,-11.1],[-60.31,-11.06],[-60.28,-11.09],[-60.23,-11.1],[-60.19,-11.1],[-60.15,-11.1],[-60.12,-11.11],[-60.09,-11.1],[-60.04,-11.12],[-60.02,-11.12],[-59.98,-11.12],[-59.99,-11.15],[-59.98,-11.18],[-59.97,-11.2],[-59.97,-11.25],[-59.96,-11.29],[-59.92,-11.35],[-59.92,-11.38],[-59.93,-11.42],[-59.95,-11.44],[-60.01,-11.49],[-60.03,-11.5],[-60.05,-11.53],[-60.09,-11.56],[-60.09,-11.57],[-60.1,-11.58],[-60.11,-11.6],[-60.11,-11.62],[-60.11,-11.64],[-60.12,-11.68],[-60.12,-11.7],[-60.11,-11.73],[-60.11,-11.76],[-60.11,-11.77],[-60.1,-11.78],[-60.1,-11.79],[-60.1,-11.8],[-60.1,-11.82],[-60.1,-11.84],[-60.09,-11.85],[-60.08,-11.87],[-60.08,-11.88],[-60.04,-11.9],[-60.02,-11.89],[-59.99,-11.93],[-59.98,-11.95],[-59.97,-11.98],[-59.97,-12],[-59.97,-12.05],[-59.95,-12.07],[-59.92,-12.1],[-59.91,-12.19],[-59.89,-12.25],[-59.8,-12.36],[-59.82,-12.39],[-59.84,-12.42],[-59.87,-12.48],[-59.91,-12.48],[-59.94,-12.49],[-60.01,-12.55],[-60.04,-12.6],[-60.06,-12.64],[-60.09,-12.72],[-60.08,-12.79],[-60.09,-12.9],[-60.14,-12.97],[-60.17,-12.97],[-60.2,-12.99],[-60.21,-13.03],[-60.24,-13.03],[-60.26,-13.06],[-60.28,-13.1],[-60.28,-13.14],[-60.31,-13.19],[-60.32,-13.23],[-60.34,-13.27],[-60.36,-13.3],[-60.36,-13.31],[-60.37,-13.35],[-60.38,-13.39],[-60.38,-13.42],[-60.41,-13.46],[-60.47,-13.49],[-60.51,-13.5],[-60.55,-13.54],[-60.59,-13.57],[-60.64,-13.58],[-60.66,-13.6],[-60.67,-13.61],[-60.69,-13.63],[-60.69,-13.65],[-60.7,-13.67],[-60.72,-13.68],[-60.72,-13.69],[-60.76,-13.69],[-60.77,-13.67],[-60.79,-13.66],[-60.81,-13.64],[-60.84,-13.63],[-60.87,-13.62],[-60.9,-13.59],[-60.92,-13.55],[-60.94,-13.55],[-60.97,-13.54],[-61,-13.55],[-61,-13.53],[-61,-13.5],[-61,-13.49],[-61.03,-13.49],[-61.03,-13.5],[-61.06,-13.51],[-61.1,-13.5],[-61.1,-13.52],[-61.13,-13.52],[-61.14,-13.52],[-61.14,-13.53],[-61.18,-13.51],[-61.19,-13.53],[-61.22,-13.53],[-61.24,-13.5],[-61.27,-13.5],[-61.3,-13.48],[-61.31,-13.5],[-61.34,-13.51],[-61.37,-13.52],[-61.4,-13.53],[-61.42,-13.54],[-61.48,-13.55],[-61.51,-13.55],[-61.53,-13.53],[-61.56,-13.52],[-61.57,-13.5],[-61.59,-13.5],[-61.62,-13.5],[-61.62,-13.5],[-61.64,-13.51],[-61.67,-13.51],[-61.7,-13.51],[-61.72,-13.52],[-61.74,-13.53],[-61.75,-13.53],[-61.77,-13.52],[-61.79,-13.54],[-61.81,-13.53],[-61.83,-13.54],[-61.84,-13.53],[-61.86,-13.53],[-61.88,-13.5],[-61.88,-13.46],[-61.9,-13.43],[-61.93,-13.43],[-61.95,-13.41],[-61.97,-13.4],[-61.98,-13.39],[-61.99,-13.36],[-62.01,-13.36],[-62.01,-13.33],[-62.03,-13.33],[-62.06,-13.3],[-62.07,-13.3],[-62.09,-13.28],[-62.11,-13.26],[-62.11,-13.24],[-62.11,-13.21],[-62.12,-13.17],[-62.12,-13.15],[-62.15,-13.16],[-62.17,-13.13],[-62.18,-13.12],[-62.18,-13.14],[-62.2,-13.14],[-62.22,-13.11],[-62.24,-13.12],[-62.25,-13.14],[-62.26,-13.15],[-62.27,-13.16],[-62.29,-13.15],[-62.31,-13.14],[-62.32,-13.15],[-62.34,-13.15],[-62.35,-13.14],[-62.37,-13.14],[-62.4,-13.13],[-62.41,-13.12],[-62.43,-13.1],[-62.44,-13.08],[-62.46,-13.08],[-62.46,-13.07],[-62.47,-13.06],[-62.49,-13.08],[-62.52,-13.07],[-62.56,-13.07],[-62.59,-13.05],[-62.61,-13.03],[-62.62,-13.02],[-62.63,-12.99],[-62.65,-12.99],[-62.66,-12.97],[-62.69,-12.99],[-62.72,-13],[-62.73,-13.02],[-62.75,-13],[-62.76,-13.02],[-62.79,-12.99],[-62.8,-12.95],[-62.83,-12.94],[-62.84,-12.93],[-62.87,-12.91],[-62.89,-12.87],[-62.9,-12.85],[-62.93,-12.84],[-62.95,-12.85],[-62.96,-12.85],[-62.98,-12.85],[-63.01,-12.84],[-63.01,-12.81],[-63.02,-12.8],[-63.03,-12.77],[-63.05,-12.73],[-63.08,-12.72],[-63.07,-12.7],[-63.09,-12.68],[-63.09,-12.67],[-63.11,-12.66],[-63.13,-12.65],[-63.15,-12.64],[-63.16,-12.61],[-63.16,-12.64],[-63.18,-12.63],[-63.19,-12.65],[-63.22,-12.66],[-63.24,-12.67],[-63.24,-12.69],[-63.29,-12.68],[-63.34,-12.66],[-63.37,-12.66],[-63.4,-12.63],[-63.43,-12.61],[-63.43,-12.6],[-63.44,-12.57],[-63.47,-12.56],[-63.5,-12.57],[-63.53,-12.54],[-63.57,-12.5],[-63.61,-12.48],[-63.65,-12.46],[-63.67,-12.46],[-63.72,-12.44],[-63.76,-12.44],[-63.79,-12.43],[-63.81,-12.45],[-63.84,-12.46],[-63.89,-12.45],[-63.9,-12.48],[-63.9,-12.5],[-63.95,-12.53],[-63.98,-12.52],[-64,-12.51],[-64.04,-12.51],[-64.06,-12.49],[-64.08,-12.5],[-64.1,-12.49],[-64.12,-12.5],[-64.13,-12.48],[-64.15,-12.5],[-64.17,-12.5],[-64.17,-12.47],[-64.2,-12.47],[-64.24,-12.46],[-64.26,-12.48],[-64.29,-12.5],[-64.29,-12.47],[-64.35,-12.46],[-64.38,-12.45],[-64.42,-12.44],[-64.44,-12.42],[-64.46,-12.39],[-64.5,-12.37],[-64.51,-12.34],[-64.49,-12.29],[-64.51,-12.23],[-64.54,-12.24],[-64.57,-12.22],[-64.6,-12.22],[-64.65,-12.2],[-64.68,-12.19],[-64.71,-12.17],[-64.71,-12.12],[-64.7,-12.09],[-64.74,-12.1],[-64.74,-12.15],[-64.77,-12.14],[-64.76,-12.11],[-64.8,-12.09],[-64.82,-12.12],[-64.84,-12.09],[-64.82,-12.07],[-64.81,-12.04],[-64.84,-12.01],[-64.88,-12.01],[-64.9,-12.02],[-64.94,-12.01],[-64.96,-12],[-64.98,-12.01],[-65.01,-11.99],[-65.03,-11.99],[-65.03,-11.97],[-65.04,-11.96],[-65.01,-11.9],[-65.04,-11.89],[-65.07,-11.87],[-65.06,-11.79],[-65.08,-11.72],[-65.11,-11.71],[-65.18,-11.72],[-65.17,-11.75],[-65.22,-11.74],[-65.26,-11.72],[-65.24,-11.68],[-65.22,-11.64],[-65.23,-11.61],[-65.23,-11.57],[-65.21,-11.55],[-65.26,-11.51],[-65.3,-11.5],[-65.32,-11.43],[-65.33,-11.39],[-65.33,-11.34],[-65.29,-11.32],[-65.34,-11.31],[-65.35,-11.22],[-65.32,-11.2],[-65.34,-11.19],[-65.36,-11.14],[-65.34,-11.11],[-65.28,-11.09],[-65.3,-11.04],[-65.26,-11],[-65.27,-10.95],[-65.28,-10.93],[-65.27,-10.92],[-65.3,-10.85],[-65.33,-10.82],[-65.35,-10.81],[-65.37,-10.79],[-65.35,-10.78],[-65.34,-10.72],[-65.36,-10.66],[-65.4,-10.64],[-65.41,-10.62],[-65.4,-10.59],[-65.4,-10.55],[-65.42,-10.53],[-65.41,-10.5],[-65.42,-10.47],[-65.4,-10.46],[-65.38,-10.41],[-65.39,-10.38],[-65.36,-10.34],[-65.33,-10.31],[-65.31,-10.27],[-65.29,-10.22],[-65.3,-10.16],[-65.3,-10.12],[-65.31,-10.09],[-65.33,-10.05],[-65.32,-9.98],[-65.33,-9.94],[-65.3,-9.89],[-65.29,-9.85],[-65.32,-9.82],[-65.35,-9.74],[-65.4,-9.68],[-65.44,-9.67],[-65.45,-9.7],[-65.49,-9.71],[-65.49,-9.73],[-65.5,-9.76],[-65.51,-9.79],[-65.53,-9.79],[-65.56,-9.81],[-65.55,-9.83],[-65.6,-9.83],[-65.62,-9.84],[-65.64,-9.81],[-65.65,-9.81],[-65.65,-9.79],[-65.68,-9.79],[-65.7,-9.81],[-65.71,-9.77],[-65.68,-9.77],[-65.71,-9.76],[-65.73,-9.77],[-65.76,-9.76],[-65.77,-9.73],[-65.78,-9.77],[-65.8,-9.79],[-65.81,-9.77],[-65.82,-9.76],[-65.84,-9.78],[-65.87,-9.79],[-65.87,-9.75],[-65.91,-9.76],[-65.92,-9.76],[-65.94,-9.76],[-65.95,-9.77],[-65.97,-9.79],[-65.98,-9.81],[-66,-9.79],[-66.03,-9.8],[-66.07,-9.79],[-66.09,-9.81],[-66.1,-9.79],[-66.11,-9.79],[-66.13,-9.79],[-66.16,-9.79],[-66.18,-9.8],[-66.19,-9.82],[-66.2,-9.82],[-66.22,-9.83],[-66.25,-9.83],[-66.27,-9.83],[-66.29,-9.84],[-66.31,-9.84],[-66.34,-9.84],[-66.36,-9.85],[-66.39,-9.86],[-66.41,-9.88],[-66.43,-9.89],[-66.44,-9.87],[-66.46,-9.88]]],[[[-66.46,-9.88]]]]}},{"type":"Feature","properties":{"sigla":"RR","name":"Roraima"},"geometry":{"type":"MultiPolygon","coordinates":[[[[-59.92,3.15],[-59.92,3.14],[-59.91,3.12],[-59.92,3.12],[-59.94,3.09],[-59.95,3.08],[-59.95,3.04],[-59.95,3.01],[-59.96,2.98],[-59.96,2.95],[-59.98,2.91],[-59.99,2.88],[-59.99,2.86],[-59.99,2.84],[-59.99,2.8],[-59.99,2.76],[-59.99,2.72],[-59.99,2.69],[-59.98,2.67],[-59.98,2.64],[-59.96,2.63],[-59.96,2.61],[-59.96,2.59],[-59.93,2.58],[-59.94,2.55],[-59.92,2.53],[-59.91,2.5],[-59.9,2.48],[-59.9,2.44],[-59.89,2.41],[-59.9,2.4],[-59.89,2.36],[-59.87,2.36],[-59.84,2.32],[-59.82,2.32],[-59.8,2.3],[-59.77,2.29],[-59.75,2.29],[-59.73,2.28],[-59.73,2.26],[-59.72,2.24],[-59.72,2.21],[-59.73,2.2],[-59.74,2.17],[-59.73,2.14],[-59.72,2.11],[-59.74,2.08],[-59.73,2.05],[-59.72,2.03],[-59.73,2.01],[-59.73,2],[-59.74,1.98],[-59.74,1.97],[-59.74,1.94],[-59.75,1.93],[-59.76,1.91],[-59.76,1.9],[-59.75,1.87],[-59.73,1.85],[-59.69,1.85],[-59.67,1.84],[-59.67,1.86],[-59.65,1.85],[-59.65,1.82],[-59.68,1.8],[-59.69,1.78],[-59.69,1.76],[-59.67,1.75],[-59.66,1.74],[-59.64,1.74],[-59.62,1.72],[-59.6,1.72],[-59.58,1.73],[-59.55,1.73],[-59.53,1.72],[-59.52,1.69],[-59.51,1.67],[-59.49,1.67],[-59.49,1.65],[-59.48,1.63],[-59.45,1.61],[-59.43,1.59],[-59.42,1.56],[-59.4,1.56],[-59.38,1.52],[-59.37,1.51],[-59.36,1.52],[-59.33,1.51],[-59.33,1.5],[-59.32,1.46],[-59.29,1.46],[-59.29,1.44],[-59.28,1.41],[-59.24,1.39],[-59.21,1.37],[-59.19,1.38],[-59.17,1.36],[-59.15,1.35],[-59.13,1.35],[-59.1,1.35],[-59.08,1.33],[-59.06,1.34],[-59.03,1.33],[-59.01,1.32],[-58.99,1.32],[-58.97,1.31],[-58.95,1.31],[-58.92,1.31],[-58.92,1.29],[-58.89,1.26],[-58.9,1.24],[-58.89,1.23],[-60.04,0.26],[-60.12,0.13],[-60.13,0.09],[-60.13,0.05],[-60.16,0.02],[-60.2,-0.03],[-60.22,-0.12],[-60.25,-0.17],[-60.26,-0.19],[-60.29,-0.23],[-60.29,-0.29],[-60.32,-0.33],[-60.33,-0.38],[-60.34,-0.42],[-60.38,-0.48],[-60.4,-0.51],[-60.38,-0.58],[-60.36,-0.61],[-60.33,-0.64],[-60.31,-0.66],[-60.3,-0.71],[-60.35,-0.75],[-60.4,-0.76],[-60.43,-0.77],[-60.5,-0.79],[-60.5,-0.82],[-60.53,-0.87],[-60.56,-0.87],[-60.61,-0.86],[-60.63,-0.87],[-60.67,-0.88],[-60.73,-0.86],[-60.76,-0.84],[-60.76,-0.81],[-60.77,-0.78],[-60.79,-0.74],[-60.8,-0.7],[-60.85,-0.65],[-60.91,-0.62],[-60.92,-0.56],[-60.95,-0.55],[-61.01,-0.55],[-61.06,-0.51],[-61.12,-0.5],[-61.16,-0.51],[-61.22,-0.51],[-61.22,-0.54],[-61.29,-0.57],[-61.37,-0.61],[-61.43,-0.63],[-61.46,-0.66],[-61.48,-0.72],[-61.54,-0.84],[-61.57,-0.9],[-61.58,-0.99],[-61.55,-1.02],[-61.55,-1.07],[-61.57,-1.1],[-61.57,-1.13],[-61.57,-1.18],[-61.6,-1.23],[-61.63,-1.3],[-61.6,-1.37],[-61.58,-1.41],[-61.54,-1.44],[-61.47,-1.54],[-61.48,-1.58],[-61.6,-1.45],[-61.74,-1.39],[-61.82,-1.4],[-61.9,-1.38],[-61.96,-1.27],[-61.99,-1.2],[-62.09,-1.1],[-62.11,-1.06],[-62.17,-1.01],[-62.2,-0.98],[-62.26,-0.98],[-62.3,-0.94],[-62.34,-0.9],[-62.37,-0.87],[-62.38,-0.84],[-62.44,-0.8],[-62.46,-0.79],[-62.5,-0.75],[-62.49,-0.7],[-62.46,-0.69],[-62.42,-0.7],[-62.39,-0.71],[-62.37,-0.7],[-62.34,-0.67],[-62.32,-0.66],[-62.29,-0.64],[-62.29,-0.61],[-62.32,-0.55],[-62.3,-0.53],[-62.29,-0.49],[-62.27,-0.47],[-62.23,-0.43],[-62.21,-0.4],[-62.2,-0.37],[-62.19,-0.33],[-62.25,-0.3],[-62.24,-0.25],[-62.24,-0.21],[-62.27,-0.16],[-62.32,-0.09],[-62.33,-0.06],[-62.32,-0.02],[-62.39,0.06],[-62.42,0.14],[-62.47,0.28],[-62.45,0.37],[-62.46,0.42],[-62.52,0.47],[-62.54,0.68],[-62.46,0.79],[-62.48,0.85],[-62.44,0.97],[-62.47,1.04],[-62.47,1.09],[-62.53,1.09],[-62.62,1.36],[-62.64,1.44],[-62.73,1.5],[-62.76,1.55],[-62.8,1.63],[-62.73,1.7],[-62.71,1.94],[-62.83,2.02],[-63.07,2.04],[-63.11,2.09],[-63.16,2.18],[-63.36,2.2],[-63.4,2.27],[-63.4,2.31],[-63.39,2.41],[-63.44,2.44],[-63.54,2.42],[-63.64,2.38],[-63.71,2.38],[-63.79,2.39],[-63.87,2.42],[-63.98,2.47],[-64,2.48],[-64.02,2.47],[-64.05,2.5],[-64.05,2.52],[-64.05,2.55],[-64.03,2.58],[-64.02,2.6],[-64,2.63],[-63.98,2.66],[-63.98,2.69],[-63.99,2.72],[-63.99,2.74],[-63.99,2.76],[-64.01,2.8],[-64.01,2.82],[-64.04,2.83],[-64.06,2.86],[-64.07,2.94],[-64.11,2.96],[-64.14,3.01],[-64.18,3.07],[-64.22,3.1],[-64.23,3.13],[-64.21,3.19],[-64.21,3.25],[-64.24,3.33],[-64.25,3.4],[-64.25,3.43],[-64.19,3.5],[-64.18,3.53],[-64.2,3.59],[-64.25,3.64],[-64.28,3.68],[-64.33,3.72],[-64.36,3.74],[-64.4,3.76],[-64.45,3.78],[-64.48,3.79],[-64.52,3.84],[-64.59,3.94],[-64.62,3.96],[-64.65,3.99],[-64.68,4.02],[-64.71,4.07],[-64.74,4.13],[-64.8,4.17],[-64.82,4.22],[-64.82,4.26],[-64.78,4.29],[-64.69,4.25],[-64.65,4.2],[-64.63,4.14],[-64.59,4.11],[-64.53,4.12],[-64.49,4.12],[-64.45,4.13],[-64.39,4.14],[-64.3,4.14],[-64.27,4.14],[-64.25,4.13],[-64.23,4.12],[-64.19,4.12],[-64.17,4.13],[-64.15,4.11],[-64.12,4.1],[-64.1,4.05],[-64.09,4.02],[-64.05,3.95],[-64.02,3.93],[-63.99,3.9],[-63.97,3.87],[-63.96,3.89],[-63.94,3.91],[-63.91,3.93],[-63.88,3.93],[-63.86,3.95],[-63.83,3.94],[-63.83,3.94],[-63.8,3.93],[-63.77,3.94],[-63.74,3.92],[-63.72,3.91],[-63.7,3.91],[-63.68,3.91],[-63.68,3.93],[-63.7,3.94],[-63.69,3.97],[-63.69,4.01],[-63.67,4.01],[-63.64,3.98],[-63.6,3.94],[-63.59,3.91],[-63.59,3.89],[-63.56,3.89],[-63.54,3.87],[-63.51,3.85],[-63.5,3.86],[-63.49,3.87],[-63.46,3.86],[-63.43,3.87],[-63.43,3.89],[-63.42,3.92],[-63.43,3.94],[-63.44,3.95],[-63.43,3.98],[-63.37,3.97],[-63.33,3.96],[-63.31,3.97],[-63.29,3.97],[-63.26,3.96],[-63.24,3.96],[-63.21,3.95],[-63.21,3.92],[-63.23,3.89],[-63.23,3.85],[-63.21,3.82],[-63.19,3.81],[-63.16,3.81],[-63.12,3.8],[-63.09,3.78],[-63.08,3.76],[-63.06,3.73],[-63.08,3.69],[-63.05,3.67],[-63.03,3.65],[-63,3.62],[-62.97,3.61],[-62.94,3.62],[-62.92,3.65],[-62.9,3.68],[-62.85,3.72],[-62.83,3.74],[-62.8,3.72],[-62.77,3.69],[-62.74,3.67],[-62.73,3.7],[-62.73,3.74],[-62.74,3.77],[-62.74,3.78],[-62.73,3.81],[-62.75,3.82],[-62.76,3.84],[-62.77,3.87],[-62.78,3.89],[-62.79,3.92],[-62.78,3.93],[-62.75,3.97],[-62.76,3.98],[-62.75,4.02],[-62.74,4.04],[-62.71,4.03],[-62.68,4.04],[-62.66,4.04],[-62.63,4.04],[-62.6,4.04],[-62.58,4.02],[-62.56,4.03],[-62.54,4.04],[-62.54,4.06],[-62.55,4.08],[-62.55,4.1],[-62.53,4.11],[-62.52,4.13],[-62.51,4.13],[-62.5,4.14],[-62.48,4.13],[-62.46,4.15],[-62.47,4.17],[-62.45,4.17],[-62.41,4.18],[-62.39,4.18],[-62.37,4.17],[-62.35,4.16],[-62.34,4.14],[-62.31,4.14],[-62.29,4.14],[-62.26,4.13],[-62.24,4.12],[-62.22,4.11],[-62.2,4.11],[-62.17,4.09],[-62.14,4.08],[-62.11,4.1],[-62.11,4.12],[-62.09,4.12],[-62.08,4.14],[-62.06,4.16],[-62.04,4.16],[-62.02,4.16],[-62,4.16],[-61.98,4.16],[-61.95,4.13],[-61.93,4.11],[-61.92,4.13],[-61.92,4.16],[-61.89,4.16],[-61.87,4.16],[-61.86,4.17],[-61.84,4.16],[-61.82,4.18],[-61.81,4.21],[-61.8,4.23],[-61.76,4.23],[-61.77,4.25],[-61.74,4.26],[-61.73,4.26],[-61.71,4.25],[-61.68,4.25],[-61.65,4.25],[-61.64,4.24],[-61.62,4.25],[-61.6,4.25],[-61.58,4.25],[-61.55,4.27],[-61.52,4.31],[-61.52,4.33],[-61.52,4.35],[-61.52,4.36],[-61.51,4.39],[-61.49,4.41],[-61.47,4.42],[-61.46,4.44],[-61.44,4.43],[-61.43,4.43],[-61.41,4.43],[-61.39,4.43],[-61.37,4.43],[-61.34,4.42],[-61.32,4.43],[-61.31,4.45],[-61.3,4.46],[-61.28,4.48],[-61.31,4.5],[-61.32,4.51],[-61.31,4.54],[-61.28,4.54],[-61.26,4.54],[-61.25,4.53],[-61.24,4.53],[-61.22,4.53],[-61.2,4.52],[-61.18,4.51],[-61.15,4.5],[-61.13,4.5],[-61.11,4.51],[-61.08,4.52],[-61.07,4.52],[-61.02,4.52],[-61,4.52],[-60.98,4.54],[-60.96,4.56],[-60.95,4.58],[-60.93,4.59],[-60.94,4.61],[-60.94,4.64],[-60.95,4.66],[-60.93,4.66],[-60.91,4.69],[-60.89,4.72],[-60.87,4.71],[-60.84,4.72],[-60.81,4.73],[-60.79,4.75],[-60.77,4.76],[-60.74,4.76],[-60.72,4.78],[-60.72,4.8],[-60.69,4.83],[-60.67,4.84],[-60.66,4.86],[-60.65,4.89],[-60.62,4.9],[-60.6,4.93],[-60.58,4.95],[-60.6,5],[-60.61,5.02],[-60.63,5.04],[-60.64,5.07],[-60.64,5.09],[-60.65,5.12],[-60.66,5.13],[-60.67,5.17],[-60.68,5.19],[-60.72,5.2],[-60.72,5.22],[-60.68,5.23],[-60.66,5.23],[-60.63,5.22],[-60.6,5.22],[-60.59,5.21],[-60.56,5.2],[-60.53,5.21],[-60.48,5.2],[-60.45,5.2],[-60.43,5.18],[-60.41,5.21],[-60.37,5.21],[-60.36,5.21],[-60.34,5.21],[-60.31,5.21],[-60.29,5.23],[-60.26,5.25],[-60.23,5.26],[-60.2,5.27],[-60.19,5.24],[-60.16,5.23],[-60.14,5.25],[-60.12,5.22],[-60.11,5.19],[-60.1,5.14],[-60.07,5.14],[-60.06,5.12],[-60.04,5.11],[-60.02,5.09],[-60,5.08],[-60,5.06],[-60,5.03],[-59.99,4.98],[-60,4.96],[-59.99,4.94],[-60,4.92],[-60.01,4.89],[-60.01,4.87],[-60.02,4.84],[-60.03,4.81],[-60.04,4.78],[-60.03,4.74],[-60.04,4.72],[-60.03,4.7],[-60.06,4.67],[-60.07,4.63],[-60.08,4.61],[-60.11,4.6],[-60.13,4.58],[-60.14,4.57],[-60.15,4.56],[-60.16,4.55],[-60.16,4.53],[-60.14,4.51],[-60.11,4.52],[-60.09,4.52],[-60.08,4.52],[-60.07,4.49],[-60.04,4.49],[-60.02,4.49],[-60,4.49],[-59.97,4.48],[-59.95,4.5],[-59.92,4.48],[-59.91,4.47],[-59.9,4.46],[-59.88,4.48],[-59.86,4.47],[-59.84,4.45],[-59.83,4.45],[-59.81,4.45],[-59.79,4.46],[-59.78,4.45],[-59.76,4.43],[-59.74,4.42],[-59.72,4.4],[-59.7,4.38],[-59.68,4.38],[-59.68,4.34],[-59.7,4.31],[-59.72,4.3],[-59.73,4.28],[-59.71,4.27],[-59.73,4.23],[-59.73,4.2],[-59.72,4.18],[-59.7,4.16],[-59.66,4.15],[-59.63,4.14],[-59.63,4.11],[-59.64,4.09],[-59.64,4.07],[-59.62,4.05],[-59.61,4.04],[-59.6,4.02],[-59.6,4.01],[-59.59,4],[-59.58,4],[-59.57,3.99],[-59.57,3.97],[-59.56,3.98],[-59.52,3.96],[-59.53,3.94],[-59.54,3.93],[-59.56,3.92],[-59.57,3.89],[-59.58,3.89],[-59.59,3.86],[-59.59,3.84],[-59.58,3.82],[-59.59,3.81],[-59.61,3.8],[-59.63,3.79],[-59.63,3.8],[-59.65,3.79],[-59.67,3.77],[-59.67,3.74],[-59.67,3.72],[-59.67,3.7],[-59.7,3.69],[-59.72,3.67],[-59.74,3.66],[-59.76,3.63],[-59.78,3.62],[-59.81,3.62],[-59.82,3.61],[-59.85,3.6],[-59.86,3.58],[-59.87,3.56],[-59.84,3.55],[-59.83,3.53],[-59.8,3.5],[-59.82,3.49],[-59.81,3.47],[-59.83,3.46],[-59.83,3.42],[-59.82,3.42],[-59.81,3.38],[-59.82,3.36],[-59.83,3.33],[-59.84,3.31],[-59.85,3.3],[-59.88,3.26],[-59.88,3.23],[-59.9,3.22],[-59.91,3.18],[-59.91,3.15],[-59.92,3.15]]]]}},{"type":"Feature","properties":{"sigla":"RS","name":"Rio Grande do Sul"},"geometry":{"type":"MultiPolygon","coordinates":[[[[-52.04,-31.57],[-52.06,-31.56],[-52.11,-31.57],[-52.11,-31.6],[-52.1,-31.62],[-52.07,-31.61],[-52.06,-31.61],[-52.05,-31.64],[-52.07,-31.65],[-52.07,-31.68],[-52.16,-31.7],[-52.23,-31.75],[-52.22,-31.78],[-52.22,-31.81],[-52.22,-31.84],[-52.26,-31.85],[-52.23,-31.9],[-52.23,-31.87],[-52.2,-31.9],[-52.12,-31.94],[-52.1,-31.99],[-52.09,-32.01],[-52.11,-32.03],[-52.06,-32.05],[-52.09,-32.06],[-52.1,-32.09],[-52.1,-32.13],[-52.1,-32.16],[-52.15,-32.19],[-52.22,-32.25],[-52.37,-32.49],[-52.44,-32.71],[-52.52,-32.91],[-52.56,-32.99],[-52.6,-33.06],[-52.62,-33.11],[-52.66,-33.16],[-52.72,-33.23],[-52.79,-33.3],[-53.06,-33.51],[-53.19,-33.62],[-53.25,-33.66],[-53.37,-33.74],[-53.4,-33.75],[-53.43,-33.73],[-53.44,-33.7],[-53.53,-33.68],[-53.53,-33.66],[-53.53,-33.63],[-53.53,-33.61],[-53.52,-33.58],[-53.5,-33.53],[-53.48,-33.56],[-53.49,-33.56],[-53.45,-33.57],[-53.46,-33.55],[-53.45,-33.52],[-53.45,-33.51],[-53.43,-33.5],[-53.43,-33.48],[-53.43,-33.43],[-53.45,-33.37],[-53.47,-33.26],[-53.44,-33.19],[-53.43,-33.15],[-53.4,-33.16],[-53.37,-33.13],[-53.35,-33.1],[-53.32,-33.05],[-53.32,-33.09],[-53.28,-33.11],[-53.24,-33.08],[-53.22,-33.05],[-53.2,-33.03],[-53.16,-32.97],[-53.16,-32.9],[-53.16,-32.86],[-53.14,-32.81],[-53.11,-32.8],[-53.08,-32.83],[-53.06,-32.82],[-53,-32.76],[-52.99,-32.76],[-53,-32.8],[-52.95,-32.85],[-52.91,-32.88],[-52.87,-32.9],[-52.8,-32.91],[-52.76,-32.87],[-52.73,-32.83],[-52.71,-32.8],[-52.68,-32.75],[-52.63,-32.66],[-52.62,-32.64],[-52.61,-32.61],[-52.59,-32.49],[-52.64,-32.4],[-52.68,-32.33],[-52.69,-32.3],[-52.66,-32.21],[-52.63,-32.16],[-52.63,-32.15],[-52.66,-32.16],[-52.69,-32.16],[-52.71,-32.17],[-52.72,-32.17],[-52.74,-32.17],[-52.73,-32.19],[-52.74,-32.19],[-52.76,-32.2],[-52.75,-32.21],[-52.73,-32.21],[-52.75,-32.21],[-52.77,-32.23],[-52.79,-32.27],[-52.79,-32.28],[-52.81,-32.32],[-52.82,-32.33],[-52.8,-32.35],[-52.8,-32.37],[-52.76,-32.37],[-52.75,-32.36],[-52.72,-32.38],[-52.75,-32.41],[-52.82,-32.45],[-52.91,-32.47],[-52.95,-32.48],[-52.98,-32.52],[-53,-32.59],[-53.05,-32.61],[-53.07,-32.64],[-53.09,-32.65],[-53.15,-32.64],[-53.18,-32.65],[-53.23,-32.63],[-53.27,-32.61],[-53.28,-32.62],[-53.3,-32.6],[-53.33,-32.59],[-53.35,-32.59],[-53.38,-32.58],[-53.42,-32.56],[-53.45,-32.53],[-53.47,-32.49],[-53.51,-32.48],[-53.53,-32.49],[-53.55,-32.47],[-53.59,-32.44],[-53.61,-32.4],[-53.64,-32.37],[-53.65,-32.32],[-53.65,-32.29],[-53.67,-32.27],[-53.68,-32.24],[-53.7,-32.2],[-53.7,-32.19],[-53.71,-32.18],[-53.72,-32.15],[-53.73,-32.14],[-53.74,-32.13],[-53.73,-32.11],[-53.74,-32.09],[-53.76,-32.08],[-53.78,-32.07],[-53.79,-32.07],[-53.82,-32.06],[-53.83,-32.04],[-53.85,-32.03],[-53.85,-32],[-53.88,-32],[-53.9,-31.98],[-53.92,-31.96],[-53.96,-31.95],[-53.96,-31.93],[-53.99,-31.92],[-54.01,-31.91],[-54.03,-31.9],[-54.06,-31.91],[-54.08,-31.93],[-54.1,-31.92],[-54.12,-31.9],[-54.14,-31.89],[-54.17,-31.87],[-54.45,-31.64],[-54.46,-31.62],[-54.45,-31.6],[-54.47,-31.59],[-54.49,-31.57],[-54.5,-31.54],[-54.52,-31.51],[-54.54,-31.5],[-54.56,-31.49],[-54.58,-31.47],[-54.67,-31.45],[-54.7,-31.44],[-54.72,-31.43],[-54.76,-31.43],[-54.8,-31.43],[-54.84,-31.44],[-54.86,-31.41],[-54.88,-31.39],[-54.9,-31.38],[-54.92,-31.38],[-54.94,-31.37],[-54.94,-31.35],[-54.96,-31.35],[-54.96,-31.32],[-54.98,-31.31],[-54.99,-31.29],[-55.01,-31.27],[-55.04,-31.28],[-55.03,-31.29],[-55.06,-31.32],[-55.09,-31.32],[-55.11,-31.31],[-55.13,-31.3],[-55.16,-31.28],[-55.16,-31.28],[-55.2,-31.26],[-55.24,-31.26],[-55.25,-31.24],[-55.25,-31.21],[-55.27,-31.19],[-55.27,-31.18],[-55.29,-31.16],[-55.29,-31.14],[-55.32,-31.14],[-55.34,-31.13],[-55.33,-31.1],[-55.35,-31.07],[-55.35,-31.06],[-55.36,-31.04],[-55.37,-31.02],[-55.4,-31.03],[-55.42,-31.01],[-55.43,-30.99],[-55.44,-30.96],[-55.49,-30.95],[-55.49,-30.92],[-55.51,-30.91],[-55.53,-30.9],[-55.55,-30.88],[-55.56,-30.86],[-55.58,-30.84],[-55.6,-30.85],[-55.64,-30.85],[-55.66,-30.87],[-55.65,-30.89],[-55.64,-30.91],[-55.66,-30.94],[-55.67,-30.95],[-55.69,-30.94],[-55.72,-30.94],[-55.72,-30.97],[-55.74,-30.98],[-55.76,-31],[-55.77,-31],[-55.81,-31.02],[-55.82,-31.04],[-55.85,-31.04],[-55.89,-31.08],[-55.93,-31.08],[-55.96,-31.08],[-56.01,-31.07],[-56.01,-31.05],[-56.02,-31.01],[-56.01,-30.98],[-56.01,-30.95],[-56.01,-30.93],[-56.01,-30.91],[-56,-30.88],[-56,-30.84],[-56.01,-30.82],[-56.01,-30.81],[-56.02,-30.79],[-56.04,-30.78],[-56.07,-30.77],[-56.07,-30.75],[-56.09,-30.75],[-56.12,-30.73],[-56.13,-30.73],[-56.14,-30.71],[-56.14,-30.69],[-56.17,-30.66],[-56.17,-30.63],[-56.18,-30.61],[-56.22,-30.6],[-56.23,-30.59],[-56.25,-30.58],[-56.26,-30.56],[-56.28,-30.56],[-56.29,-30.53],[-56.31,-30.53],[-56.34,-30.52],[-56.35,-30.51],[-56.36,-30.5],[-56.38,-30.5],[-56.39,-30.49],[-56.4,-30.47],[-56.4,-30.46],[-56.41,-30.44],[-56.44,-30.43],[-56.45,-30.4],[-56.47,-30.39],[-56.5,-30.38],[-56.51,-30.36],[-56.54,-30.36],[-56.54,-30.34],[-56.54,-30.31],[-56.55,-30.32],[-56.59,-30.29],[-56.62,-30.29],[-56.62,-30.27],[-56.62,-30.25],[-56.66,-30.22],[-56.65,-30.21],[-56.68,-30.2],[-56.69,-30.2],[-56.72,-30.18],[-56.75,-30.17],[-56.78,-30.16],[-56.78,-30.13],[-56.8,-30.12],[-56.81,-30.11],[-56.85,-30.09],[-56.87,-30.09],[-56.91,-30.11],[-56.92,-30.1],[-56.95,-30.1],[-56.99,-30.09],[-57.03,-30.1],[-57.07,-30.1],[-57.07,-30.09],[-57.09,-30.11],[-57.1,-30.11],[-57.11,-30.13],[-57.11,-30.14],[-57.13,-30.15],[-57.15,-30.18],[-57.17,-30.21],[-57.16,-30.24],[-57.17,-30.25],[-57.2,-30.27],[-57.22,-30.29],[-57.25,-30.28],[-57.27,-30.28],[-57.3,-30.28],[-57.32,-30.27],[-57.36,-30.28],[-57.39,-30.3],[-57.42,-30.3],[-57.44,-30.28],[-57.46,-30.27],[-57.49,-30.28],[-57.52,-30.29],[-57.57,-30.26],[-57.56,-30.22],[-57.61,-30.19],[-57.64,-30.19],[-57.61,-30.18],[-57.57,-30.17],[-57.5,-30.14],[-57.46,-30.11],[-57.43,-30.06],[-57.38,-30.02],[-57.33,-29.97],[-57.32,-29.93],[-57.33,-29.88],[-57.29,-29.83],[-57.23,-29.78],[-57.2,-29.78],[-57.12,-29.76],[-57.05,-29.7],[-57.01,-29.67],[-56.97,-29.64],[-56.97,-29.62],[-56.94,-29.57],[-56.91,-29.54],[-56.89,-29.52],[-56.85,-29.5],[-56.8,-29.45],[-56.78,-29.42],[-56.77,-29.39],[-56.72,-29.37],[-56.69,-29.34],[-56.65,-29.25],[-56.64,-29.2],[-56.61,-29.16],[-56.58,-29.11],[-56.53,-29.11],[-56.5,-29.09],[-56.41,-29.06],[-56.4,-29.02],[-56.4,-28.97],[-56.36,-28.94],[-56.33,-28.93],[-56.31,-28.91],[-56.3,-28.87],[-56.3,-28.81],[-56.24,-28.78],[-56.19,-28.77],[-56.16,-28.73],[-56.12,-28.68],[-56.07,-28.64],[-56.03,-28.62],[-56,-28.58],[-56.02,-28.53],[-56,-28.5],[-55.94,-28.49],[-55.89,-28.48],[-55.88,-28.45],[-55.9,-28.4],[-55.86,-28.36],[-55.81,-28.36],[-55.74,-28.37],[-55.71,-28.42],[-55.69,-28.42],[-55.69,-28.39],[-55.68,-28.32],[-55.72,-28.3],[-55.77,-28.27],[-55.77,-28.24],[-55.71,-28.22],[-55.66,-28.19],[-55.63,-28.17],[-55.62,-28.14],[-55.58,-28.12],[-55.57,-28.16],[-55.55,-28.15],[-55.52,-28.12],[-55.5,-28.08],[-55.47,-28.09],[-55.44,-28.09],[-55.41,-28.06],[-55.37,-28.04],[-55.37,-28.02],[-55.38,-28],[-55.36,-27.97],[-55.34,-27.96],[-55.32,-27.93],[-55.29,-27.93],[-55.25,-27.92],[-55.23,-27.88],[-55.19,-27.86],[-55.16,-27.87],[-55.14,-27.89],[-55.12,-27.87],[-55.11,-27.85],[-55.06,-27.85],[-55.03,-27.85],[-55.03,-27.83],[-55.08,-27.79],[-55.06,-27.77],[-55.03,-27.79],[-55,-27.79],[-54.99,-27.77],[-54.94,-27.77],[-54.93,-27.75],[-54.9,-27.72],[-54.91,-27.64],[-54.88,-27.62],[-54.85,-27.62],[-54.83,-27.56],[-54.8,-27.53],[-54.79,-27.57],[-54.76,-27.58],[-54.74,-27.56],[-54.69,-27.57],[-54.67,-27.55],[-54.67,-27.5],[-54.65,-27.53],[-54.63,-27.54],[-54.61,-27.51],[-54.6,-27.5],[-54.59,-27.46],[-54.55,-27.47],[-54.53,-27.51],[-54.5,-27.48],[-54.46,-27.48],[-54.44,-27.46],[-54.47,-27.43],[-54.44,-27.42],[-54.41,-27.4],[-54.37,-27.44],[-54.34,-27.46],[-54.34,-27.43],[-54.34,-27.4],[-54.3,-27.43],[-54.28,-27.44],[-54.27,-27.42],[-54.25,-27.39],[-54.22,-27.39],[-54.21,-27.35],[-54.2,-27.33],[-54.19,-27.27],[-54.16,-27.26],[-54.16,-27.29],[-54.1,-27.3],[-54.08,-27.29],[-54.03,-27.26],[-54.02,-27.23],[-54,-27.19],[-53.96,-27.2],[-53.96,-27.17],[-53.93,-27.15],[-53.89,-27.16],[-53.87,-27.13],[-53.85,-27.15],[-53.81,-27.17],[-53.76,-27.17],[-53.72,-27.18],[-53.65,-27.18],[-53.64,-27.22],[-53.6,-27.19],[-53.52,-27.2],[-53.5,-27.16],[-53.46,-27.15],[-53.38,-27.1],[-53.35,-27.12],[-53.29,-27.14],[-53.31,-27.22],[-53.24,-27.17],[-53.18,-27.18],[-53.15,-27.14],[-53.07,-27.16],[-53.07,-27.1],[-53.02,-27.1],[-53.03,-27.16],[-52.98,-27.15],[-52.99,-27.22],[-52.95,-27.16],[-52.9,-27.2],[-52.84,-27.18],[-52.82,-27.2],[-52.76,-27.24],[-52.71,-27.24],[-52.69,-27.28],[-52.67,-27.24],[-52.6,-27.25],[-52.54,-27.24],[-52.48,-27.24],[-52.43,-27.22],[-52.42,-27.28],[-52.38,-27.28],[-52.34,-27.29],[-52.3,-27.29],[-52.25,-27.26],[-52.26,-27.28],[-52.22,-27.33],[-52.17,-27.27],[-52.16,-27.31],[-52.1,-27.35],[-52.02,-27.33],[-52,-27.38],[-51.95,-27.39],[-52,-27.4],[-51.94,-27.44],[-51.94,-27.47],[-51.9,-27.5],[-51.86,-27.48],[-51.85,-27.52],[-51.8,-27.53],[-51.8,-27.5],[-51.7,-27.48],[-51.68,-27.51],[-51.63,-27.49],[-51.63,-27.54],[-51.58,-27.54],[-51.56,-27.58],[-51.51,-27.56],[-51.47,-27.6],[-51.42,-27.65],[-51.38,-27.66],[-51.32,-27.67],[-51.31,-27.72],[-51.27,-27.74],[-51.23,-27.77],[-51.2,-27.78],[-51.13,-27.83],[-51.08,-27.85],[-51.05,-27.88],[-51.01,-27.96],[-50.98,-27.95],[-50.93,-27.99],[-50.89,-28.02],[-50.9,-28.08],[-50.87,-28.11],[-50.83,-28.12],[-50.79,-28.14],[-50.79,-28.19],[-50.76,-28.21],[-50.7,-28.27],[-50.66,-28.32],[-50.63,-28.37],[-50.59,-28.38],[-50.54,-28.43],[-50.5,-28.41],[-50.42,-28.43],[-50.37,-28.43],[-50.35,-28.46],[-50.3,-28.45],[-50.26,-28.44],[-50.22,-28.46],[-50.17,-28.47],[-50.15,-28.47],[-50.13,-28.43],[-50.11,-28.47],[-50.07,-28.48],[-50.02,-28.46],[-49.99,-28.45],[-49.95,-28.45],[-49.93,-28.46],[-49.9,-28.46],[-49.87,-28.44],[-49.86,-28.46],[-49.85,-28.49],[-49.82,-28.48],[-49.8,-28.48],[-49.79,-28.49],[-49.76,-28.48],[-49.74,-28.5],[-49.74,-28.53],[-49.72,-28.57],[-49.71,-28.59],[-49.7,-28.63],[-49.74,-28.63],[-49.78,-28.63],[-49.81,-28.63],[-49.82,-28.65],[-49.83,-28.67],[-49.82,-28.69],[-49.84,-28.71],[-49.86,-28.7],[-49.88,-28.74],[-49.88,-28.72],[-49.9,-28.71],[-49.92,-28.75],[-49.95,-28.76],[-49.95,-28.78],[-49.95,-28.8],[-49.96,-28.83],[-49.95,-28.85],[-49.97,-28.87],[-49.94,-28.88],[-49.95,-28.9],[-49.96,-28.92],[-49.96,-28.94],[-49.94,-28.98],[-49.95,-29],[-49.95,-29.02],[-49.95,-29.04],[-50.01,-29.07],[-49.97,-29.07],[-49.95,-29.08],[-49.96,-29.1],[-49.98,-29.12],[-49.99,-29.14],[-50.01,-29.13],[-50.02,-29.15],[-50.03,-29.17],[-50.04,-29.18],[-50.07,-29.18],[-50.08,-29.18],[-50.08,-29.16],[-50.1,-29.18],[-50.09,-29.2],[-50.1,-29.22],[-50.12,-29.2],[-50.13,-29.21],[-50.15,-29.23],[-50.15,-29.24],[-50.15,-29.26],[-50.14,-29.29],[-50.12,-29.29],[-50.08,-29.32],[-50.07,-29.33],[-50.05,-29.34],[-50.06,-29.31],[-50.11,-29.26],[-50.07,-29.25],[-50.04,-29.24],[-49.97,-29.21],[-49.93,-29.2],[-49.88,-29.22],[-49.86,-29.23],[-49.85,-29.25],[-49.85,-29.27],[-49.8,-29.29],[-49.77,-29.3],[-49.74,-29.31],[-49.74,-29.33],[-49.73,-29.35],[-49.75,-29.38],[-49.85,-29.5],[-49.96,-29.67],[-50.04,-29.81],[-50.08,-29.88],[-50.11,-29.97],[-50.17,-30.1],[-50.24,-30.26],[-50.26,-30.32],[-50.28,-30.38],[-50.34,-30.52],[-50.38,-30.57],[-50.48,-30.7],[-50.56,-30.82],[-50.69,-30.99],[-50.89,-31.24],[-50.97,-31.3],[-51.05,-31.37],[-51.22,-31.54],[-51.47,-31.73],[-51.53,-31.76],[-51.61,-31.8],[-51.66,-31.83],[-51.88,-31.96],[-52.04,-32.11],[-52.08,-32.13],[-52.08,-32.11],[-52.05,-32.07],[-52.04,-32.03],[-52.05,-31.99],[-52.02,-31.96],[-52.04,-31.91],[-52.06,-31.88],[-52.09,-31.85],[-52.08,-31.83],[-51.93,-31.86],[-51.86,-31.87],[-51.81,-31.83],[-51.8,-31.81],[-51.81,-31.81],[-51.85,-31.81],[-51.84,-31.8],[-51.64,-31.75],[-51.59,-31.7],[-51.54,-31.64],[-51.52,-31.6],[-51.48,-31.56],[-51.47,-31.59],[-51.46,-31.56],[-51.46,-31.53],[-51.42,-31.49],[-51.38,-31.53],[-51.34,-31.52],[-51.29,-31.49],[-51.24,-31.46],[-51.2,-31.4],[-51.16,-31.3],[-51.16,-31.21],[-51.18,-31.08],[-51.14,-31.09],[-51.1,-31.1],[-51.07,-31.07],[-50.99,-31.05],[-50.96,-31.01],[-50.95,-30.98],[-50.96,-30.92],[-50.93,-30.9],[-50.9,-30.9],[-50.82,-30.85],[-50.78,-30.83],[-50.75,-30.81],[-50.72,-30.78],[-50.7,-30.75],[-50.69,-30.68],[-50.69,-30.5],[-50.71,-30.41],[-50.72,-30.35],[-50.68,-30.37],[-50.65,-30.4],[-50.63,-30.39],[-50.64,-30.38],[-50.63,-30.34],[-50.59,-30.4],[-50.62,-30.41],[-50.65,-30.41],[-50.61,-30.48],[-50.58,-30.49],[-50.57,-30.46],[-50.56,-30.41],[-50.55,-30.36],[-50.55,-30.33],[-50.54,-30.28],[-50.56,-30.25],[-50.57,-30.24],[-50.59,-30.21],[-50.62,-30.2],[-50.66,-30.2],[-50.66,-30.24],[-50.67,-30.26],[-50.68,-30.3],[-50.73,-30.3],[-50.77,-30.29],[-50.79,-30.32],[-50.78,-30.33],[-50.8,-30.34],[-50.84,-30.32],[-50.91,-30.32],[-50.94,-30.38],[-50.93,-30.43],[-50.95,-30.42],[-51.01,-30.39],[-51.05,-30.39],[-51.04,-30.37],[-51.07,-30.35],[-51.03,-30.34],[-51.03,-30.32],[-51.04,-30.27],[-51.07,-30.27],[-51.1,-30.25],[-51.12,-30.25],[-51.16,-30.26],[-51.17,-30.24],[-51.18,-30.22],[-51.2,-30.21],[-51.22,-30.19],[-51.23,-30.18],[-51.23,-30.16],[-51.23,-30.14],[-51.26,-30.11],[-51.25,-30.08],[-51.24,-30.04],[-51.26,-30.05],[-51.27,-30.04],[-51.29,-30.01],[-51.3,-30.03],[-51.3,-30.05],[-51.31,-30.09],[-51.31,-30.11],[-51.31,-30.14],[-51.32,-30.17],[-51.32,-30.2],[-51.33,-30.23],[-51.31,-30.24],[-51.29,-30.25],[-51.29,-30.26],[-51.29,-30.3],[-51.26,-30.31],[-51.25,-30.33],[-51.21,-30.3],[-51.2,-30.37],[-51.13,-30.36],[-51.09,-30.37],[-51.12,-30.4],[-51.13,-30.43],[-51.15,-30.42],[-51.2,-30.41],[-51.25,-30.45],[-51.27,-30.49],[-51.3,-30.59],[-51.29,-30.72],[-51.31,-30.71],[-51.32,-30.65],[-51.38,-30.64],[-51.4,-30.7],[-51.37,-30.87],[-51.43,-30.87],[-51.5,-30.91],[-51.49,-31.03],[-51.45,-31.08],[-51.47,-31.1],[-51.52,-31.11],[-51.56,-31.12],[-51.61,-31.13],[-51.64,-31.18],[-51.63,-31.26],[-51.65,-31.27],[-51.69,-31.27],[-51.73,-31.27],[-51.75,-31.28],[-51.79,-31.27],[-51.83,-31.31],[-51.86,-31.32],[-51.87,-31.29],[-51.88,-31.32],[-51.92,-31.31],[-51.92,-31.33],[-51.95,-31.34],[-51.96,-31.37],[-51.97,-31.38],[-51.99,-31.41],[-52.01,-31.5],[-52.01,-31.59],[-52.03,-31.69],[-52.05,-31.67],[-52.05,-31.65],[-52.03,-31.65],[-52.05,-31.59],[-52.04,-31.57]]],[[[-51.3,-30.75],[-51.3,-30.82],[-51.32,-30.78],[-51.29,-30.76],[-51.3,-30.75]]],[[[-50.1,-29.24],[-50.1,-29.24]]],[[[-51.15,-30.47]]],[[[-49.96,-29.07],[-49.95,-29.07],[-49.96,-29.07]]],[[[-51.29,-30.05]]],[[[-52.1,-31.8]]],[[[-53.42,-33.13],[-53.41,-33.11],[-53.42,-33.13]]],[[[-49.97,-29.12]]],[[[-51.46,-31.55],[-51.46,-31.55]]],[[[-51.17,-30.26]]],[[[-51.1,-30.26]]],[[[-52.04,-31.57]]],[[[-51.19,-30.23]]]]}},{"type":"Feature","properties":{"sigla":"SC","name":"Santa Catarina"},"geometry":{"type":"MultiPolygon","coordinates":[[[[-53.72,-26.56],[-53.72,-26.55],[-53.73,-26.54],[-53.73,-26.52],[-53.72,-26.51],[-53.71,-26.5],[-53.69,-26.47],[-53.7,-26.45],[-53.7,-26.44],[-53.69,-26.43],[-53.7,-26.4],[-53.7,-26.38],[-53.69,-26.36],[-53.69,-26.35],[-53.68,-26.33],[-53.67,-26.32],[-53.66,-26.3],[-53.64,-26.28],[-53.64,-26.25],[-53.6,-26.26],[-53.57,-26.28],[-53.52,-26.29],[-53.46,-26.29],[-53.38,-26.25],[-53.36,-26.25],[-53.34,-26.25],[-53.31,-26.26],[-53.28,-26.25],[-53.26,-26.29],[-53.25,-26.3],[-53.18,-26.34],[-53.15,-26.35],[-53.11,-26.38],[-53.05,-26.38],[-52.95,-26.36],[-52.88,-26.36],[-52.84,-26.35],[-52.77,-26.35],[-52.74,-26.34],[-52.68,-26.35],[-52.62,-26.4],[-52.59,-26.41],[-52.55,-26.41],[-52.49,-26.42],[-52.45,-26.44],[-52.39,-26.43],[-52.35,-26.44],[-52.31,-26.44],[-52.27,-26.46],[-52.22,-26.47],[-52.16,-26.47],[-52.12,-26.48],[-52.09,-26.51],[-52.06,-26.52],[-52.03,-26.54],[-52.01,-26.57],[-51.97,-26.57],[-51.9,-26.58],[-51.85,-26.59],[-51.8,-26.59],[-51.75,-26.58],[-51.64,-26.58],[-51.59,-26.59],[-51.51,-26.58],[-51.48,-26.62],[-51.46,-26.65],[-51.41,-26.72],[-51.41,-26.68],[-51.35,-26.65],[-51.31,-26.65],[-51.28,-26.64],[-51.25,-26.63],[-51.24,-26.6],[-51.22,-26.58],[-51.24,-26.54],[-51.25,-26.52],[-51.27,-26.5],[-51.26,-26.48],[-51.26,-26.46],[-51.27,-26.45],[-51.29,-26.4],[-51.28,-26.39],[-51.26,-26.36],[-51.25,-26.33],[-51.22,-26.31],[-51.17,-26.29],[-51.14,-26.29],[-51.11,-26.27],[-51.09,-26.25],[-51.05,-26.24],[-50.97,-26.26],[-50.94,-26.24],[-50.9,-26.29],[-50.87,-26.24],[-50.83,-26.27],[-50.75,-26.23],[-50.73,-26.2],[-50.65,-26.13],[-50.64,-26.08],[-50.55,-26.04],[-50.58,-26.05],[-50.55,-26.02],[-50.5,-26.03],[-50.48,-26.03],[-50.46,-26.04],[-50.45,-26.04],[-50.41,-26.06],[-50.36,-26.09],[-50.35,-26.12],[-50.32,-26.13],[-50.33,-26.11],[-50.32,-26.08],[-50.28,-26.05],[-50.25,-26.04],[-50.22,-26.06],[-50.19,-26.07],[-50.16,-26.05],[-50.18,-26.03],[-50.14,-26.03],[-50.13,-26.05],[-50.11,-26.06],[-50.08,-26.05],[-50.04,-26.03],[-50.01,-26.03],[-49.97,-26.02],[-49.96,-26.02],[-49.94,-26.02],[-49.9,-26.03],[-49.87,-26.04],[-49.83,-26.05],[-49.83,-26.07],[-49.81,-26.09],[-49.79,-26.11],[-49.77,-26.11],[-49.75,-26.13],[-49.73,-26.15],[-49.69,-26.18],[-49.67,-26.19],[-49.65,-26.19],[-49.64,-26.2],[-49.63,-26.21],[-49.61,-26.21],[-49.58,-26.23],[-49.55,-26.23],[-49.54,-26.23],[-49.53,-26.22],[-49.5,-26.22],[-49.5,-26.21],[-49.49,-26.18],[-49.44,-26.17],[-49.42,-26.16],[-49.39,-26.16],[-49.37,-26.14],[-49.35,-26.13],[-49.3,-26.11],[-49.29,-26.1],[-49.28,-26.08],[-49.27,-26.08],[-49.26,-26.07],[-49.24,-26.04],[-49.22,-26.02],[-49.19,-26.01],[-49.17,-26],[-49.15,-26.01],[-49.13,-26],[-49.09,-26],[-49.07,-26.01],[-49.04,-26],[-49,-26.01],[-48.98,-26],[-48.96,-25.98],[-48.95,-25.99],[-48.68,-25.98],[-48.65,-25.96],[-48.63,-25.98],[-48.62,-25.98],[-48.6,-25.98],[-48.61,-26.07],[-48.58,-26.16],[-48.53,-26.16],[-48.51,-26.22],[-48.49,-26.22],[-48.53,-26.28],[-48.56,-26.36],[-48.59,-26.41],[-48.6,-26.44],[-48.61,-26.47],[-48.65,-26.55],[-48.67,-26.59],[-48.68,-26.63],[-48.69,-26.68],[-48.68,-26.72],[-48.67,-26.76],[-48.64,-26.77],[-48.6,-26.78],[-48.58,-26.79],[-48.6,-26.82],[-48.63,-26.85],[-48.64,-26.89],[-48.63,-26.93],[-48.62,-26.96],[-48.63,-26.98],[-48.61,-27],[-48.58,-26.99],[-48.57,-27.02],[-48.59,-27.05],[-48.59,-27.06],[-48.59,-27.09],[-48.61,-27.09],[-48.61,-27.12],[-48.56,-27.15],[-48.54,-27.15],[-48.53,-27.13],[-48.51,-27.11],[-48.48,-27.15],[-48.47,-27.14],[-48.5,-27.17],[-48.49,-27.2],[-48.5,-27.22],[-48.52,-27.22],[-48.51,-27.18],[-48.55,-27.2],[-48.58,-27.21],[-48.61,-27.22],[-48.62,-27.27],[-48.6,-27.32],[-48.57,-27.31],[-48.56,-27.31],[-48.54,-27.3],[-48.52,-27.33],[-48.53,-27.35],[-48.53,-27.38],[-48.54,-27.37],[-48.56,-27.39],[-48.57,-27.41],[-48.57,-27.43],[-48.59,-27.43],[-48.63,-27.44],[-48.64,-27.47],[-48.63,-27.51],[-48.62,-27.54],[-48.62,-27.56],[-48.59,-27.57],[-48.57,-27.6],[-48.58,-27.61],[-48.6,-27.6],[-48.62,-27.61],[-48.63,-27.64],[-48.62,-27.66],[-48.6,-27.72],[-48.59,-27.77],[-48.58,-27.84],[-48.6,-27.85],[-48.59,-27.88],[-48.57,-27.88],[-48.58,-27.91],[-48.61,-27.93],[-48.62,-27.96],[-48.63,-28],[-48.61,-28.02],[-48.6,-28.03],[-48.61,-28.06],[-48.63,-28.08],[-48.64,-28.11],[-48.63,-28.11],[-48.64,-28.13],[-48.65,-28.15],[-48.66,-28.19],[-48.67,-28.22],[-48.65,-28.23],[-48.68,-28.27],[-48.71,-28.33],[-48.71,-28.35],[-48.75,-28.42],[-48.76,-28.44],[-48.76,-28.49],[-48.74,-28.51],[-48.76,-28.54],[-48.78,-28.57],[-48.81,-28.6],[-48.83,-28.61],[-49,-28.68],[-49.22,-28.82],[-49.33,-28.91],[-49.42,-29],[-49.49,-29.07],[-49.54,-29.12],[-49.73,-29.33],[-49.73,-29.32],[-49.75,-29.3],[-49.79,-29.29],[-49.83,-29.28],[-49.85,-29.26],[-49.86,-29.24],[-49.88,-29.22],[-49.93,-29.21],[-49.96,-29.2],[-50.01,-29.22],[-50.06,-29.25],[-50.1,-29.25],[-50.09,-29.3],[-50.04,-29.35],[-50.06,-29.33],[-50.09,-29.32],[-50.11,-29.3],[-50.13,-29.29],[-50.15,-29.28],[-50.16,-29.25],[-50.15,-29.23],[-50.15,-29.22],[-50.14,-29.19],[-50.1,-29.21],[-50.09,-29.22],[-50.09,-29.22],[-50.09,-29.18],[-50.1,-29.16],[-50.09,-29.18],[-50.08,-29.19],[-50.06,-29.18],[-50.02,-29.18],[-50.02,-29.17],[-50,-29.15],[-49.99,-29.13],[-49.98,-29.12],[-49.96,-29.11],[-49.96,-29.1],[-49.95,-29.08],[-49.94,-29.06],[-49.96,-29.06],[-49.99,-29.07],[-49.95,-29.04],[-49.94,-29.02],[-49.95,-29],[-49.94,-28.98],[-49.96,-28.96],[-49.95,-28.92],[-49.95,-28.9],[-49.94,-28.88],[-49.95,-28.87],[-49.95,-28.86],[-49.96,-28.83],[-49.95,-28.8],[-49.95,-28.78],[-49.95,-28.76],[-49.93,-28.75],[-49.91,-28.72],[-49.88,-28.72],[-49.88,-28.74],[-49.87,-28.7],[-49.84,-28.71],[-49.82,-28.69],[-49.84,-28.67],[-49.82,-28.65],[-49.81,-28.64],[-49.78,-28.63],[-49.75,-28.63],[-49.71,-28.63],[-49.71,-28.6],[-49.72,-28.58],[-49.75,-28.53],[-49.74,-28.5],[-49.77,-28.49],[-49.78,-28.48],[-49.79,-28.49],[-49.82,-28.47],[-49.84,-28.48],[-49.86,-28.47],[-49.86,-28.44],[-49.89,-28.46],[-49.94,-28.46],[-49.95,-28.47],[-49.99,-28.45],[-50.02,-28.45],[-50.06,-28.48],[-50.1,-28.48],[-50.11,-28.44],[-50.16,-28.46],[-50.16,-28.47],[-50.2,-28.44],[-50.25,-28.43],[-50.29,-28.45],[-50.34,-28.46],[-50.37,-28.42],[-50.41,-28.43],[-50.47,-28.41],[-50.53,-28.43],[-50.58,-28.39],[-50.63,-28.38],[-50.66,-28.32],[-50.7,-28.28],[-50.75,-28.22],[-50.79,-28.2],[-50.79,-28.15],[-50.83,-28.12],[-50.87,-28.12],[-50.9,-28.08],[-50.88,-28.04],[-50.93,-27.99],[-50.97,-27.96],[-51,-27.96],[-51.06,-27.89],[-51.08,-27.86],[-51.12,-27.83],[-51.19,-27.78],[-51.22,-27.77],[-51.27,-27.74],[-51.31,-27.72],[-51.31,-27.69],[-51.37,-27.67],[-51.41,-27.64],[-51.46,-27.61],[-51.49,-27.56],[-51.55,-27.56],[-51.59,-27.56],[-51.62,-27.55],[-51.63,-27.49],[-51.67,-27.51],[-51.69,-27.48],[-51.8,-27.49],[-51.79,-27.53],[-51.85,-27.53],[-51.85,-27.48],[-51.89,-27.52],[-51.92,-27.46],[-51.94,-27.44],[-51.99,-27.41],[-51.96,-27.39],[-51.99,-27.38],[-52.01,-27.33],[-52.1,-27.35],[-52.15,-27.31],[-52.17,-27.27],[-52.21,-27.33],[-52.28,-27.3],[-52.25,-27.26],[-52.3,-27.28],[-52.33,-27.3],[-52.38,-27.3],[-52.4,-27.29],[-52.43,-27.23],[-52.48,-27.23],[-52.54,-27.26],[-52.59,-27.25],[-52.66,-27.24],[-52.69,-27.28],[-52.71,-27.25],[-52.75,-27.26],[-52.81,-27.2],[-52.85,-27.19],[-52.9,-27.19],[-52.94,-27.17],[-52.98,-27.22],[-52.98,-27.16],[-53.01,-27.14],[-53.02,-27.11],[-53.06,-27.09],[-53.07,-27.15],[-53.15,-27.16],[-53.18,-27.18],[-53.23,-27.17],[-53.31,-27.22],[-53.3,-27.15],[-53.34,-27.12],[-53.38,-27.09],[-53.46,-27.16],[-53.51,-27.15],[-53.51,-27.2],[-53.59,-27.19],[-53.63,-27.22],[-53.65,-27.18],[-53.71,-27.18],[-53.75,-27.19],[-53.81,-27.17],[-53.83,-27.16],[-53.8,-27.14],[-53.81,-27.13],[-53.82,-27.1],[-53.8,-27.11],[-53.8,-27.08],[-53.79,-27.07],[-53.77,-27.07],[-53.8,-27.04],[-53.77,-27.06],[-53.77,-27.05],[-53.77,-27.04],[-53.75,-27.03],[-53.75,-27.01],[-53.74,-27],[-53.72,-26.99],[-53.73,-26.98],[-53.73,-26.96],[-53.7,-26.96],[-53.71,-26.94],[-53.67,-26.94],[-53.69,-26.93],[-53.68,-26.9],[-53.69,-26.89],[-53.69,-26.86],[-53.67,-26.85],[-53.69,-26.85],[-53.7,-26.83],[-53.7,-26.8],[-53.71,-26.79],[-53.7,-26.77],[-53.73,-26.77],[-53.72,-26.76],[-53.74,-26.74],[-53.75,-26.72],[-53.74,-26.72],[-53.73,-26.7],[-53.74,-26.68],[-53.72,-26.68],[-53.72,-26.65],[-53.73,-26.64],[-53.74,-26.64],[-53.73,-26.62],[-53.73,-26.6],[-53.72,-26.56],[-53.72,-26.56]]],[[[-48.41,-27.39],[-48.39,-27.44],[-48.37,-27.43],[-48.37,-27.45],[-48.39,-27.49],[-48.42,-27.52],[-48.43,-27.57],[-48.42,-27.58],[-48.43,-27.62],[-48.45,-27.63],[-48.48,-27.67],[-48.5,-27.71],[-48.5,-27.76],[-48.48,-27.77],[-48.49,-27.79],[-48.52,-27.78],[-48.53,-27.8],[-48.57,-27.84],[-48.57,-27.8],[-48.57,-27.77],[-48.56,-27.75],[-48.56,-27.71],[-48.56,-27.7],[-48.57,-27.67],[-48.54,-27.65],[-48.53,-27.63],[-48.55,-27.61],[-48.56,-27.59],[-48.53,-27.57],[-48.52,-27.56],[-48.53,-27.54],[-48.52,-27.51],[-48.53,-27.49],[-48.53,-27.47],[-48.52,-27.46],[-48.55,-27.46],[-48.52,-27.43],[-48.45,-27.43],[-48.43,-27.4],[-48.42,-27.38],[-48.41,-27.39]]],[[[-48.57,-27.48]]]]}},{"type":"Feature","properties":{"sigla":"SE","name":"Sergipe"},"geometry":{"type":"MultiPolygon","coordinates":[[[[-37.96,-9.53],[-37.84,-9.58],[-37.81,-9.61],[-37.78,-9.64],[-37.7,-9.64],[-37.66,-9.68],[-37.47,-9.75],[-37.36,-9.79],[-37.29,-9.83],[-37.23,-9.9],[-37.04,-9.99],[-36.97,-9.99],[-36.96,-10.04],[-36.94,-10.09],[-36.92,-10.13],[-36.88,-10.14],[-36.85,-10.18],[-36.78,-10.23],[-36.75,-10.25],[-36.68,-10.27],[-36.62,-10.26],[-36.57,-10.33],[-36.55,-10.42],[-36.52,-10.43],[-36.46,-10.41],[-36.4,-10.49],[-36.41,-10.52],[-36.45,-10.53],[-36.49,-10.54],[-36.54,-10.56],[-36.62,-10.59],[-36.68,-10.63],[-36.75,-10.67],[-36.81,-10.71],[-36.87,-10.77],[-36.95,-10.84],[-36.99,-10.9],[-37.06,-11],[-37.07,-11.02],[-37.1,-11.06],[-37.13,-11.1],[-37.16,-11.17],[-37.21,-11.23],[-37.28,-11.33],[-37.3,-11.38],[-37.33,-11.43],[-37.37,-11.46],[-37.45,-11.52],[-37.52,-11.54],[-37.57,-11.54],[-37.59,-11.53],[-37.62,-11.54],[-37.65,-11.52],[-37.66,-11.54],[-37.7,-11.56],[-37.72,-11.55],[-37.75,-11.53],[-37.78,-11.52],[-37.81,-11.5],[-37.85,-11.47],[-37.85,-11.45],[-37.87,-11.44],[-37.88,-11.42],[-37.9,-11.43],[-37.92,-11.4],[-37.94,-11.42],[-37.95,-11.4],[-37.97,-11.39],[-37.97,-11.37],[-37.99,-11.34],[-37.99,-11.33],[-37.99,-11.31],[-37.99,-11.27],[-37.99,-11.25],[-37.99,-11.23],[-37.98,-11.2],[-38,-11.19],[-38.03,-11.18],[-38.07,-11.14],[-38.1,-11.1],[-38.09,-11.06],[-38.09,-11.05],[-38.11,-11.02],[-38.15,-11],[-38.18,-10.97],[-38.2,-10.92],[-38.23,-10.91],[-38.24,-10.85],[-38.24,-10.8],[-38.21,-10.75],[-38.2,-10.71],[-38.16,-10.71],[-38.11,-10.71],[-38.08,-10.71],[-38.02,-10.76],[-37.83,-10.58],[-37.84,-10.56],[-37.83,-10.54],[-37.81,-10.51],[-37.86,-10.43],[-37.84,-10.4],[-37.84,-10.38],[-37.81,-10.37],[-37.76,-10.34],[-37.78,-10.19],[-37.78,-10.13],[-37.83,-10],[-37.93,-9.97],[-37.99,-9.92],[-37.98,-9.88],[-37.98,-9.84],[-38,-9.8],[-38.04,-9.75],[-38.02,-9.67],[-37.99,-9.65],[-38.01,-9.63],[-38.04,-9.61],[-38.03,-9.57],[-38.02,-9.55],[-37.99,-9.53],[-37.96,-9.53]]]]}},{"type":"Feature","properties":{"sigla":"SP","name":"São Paulo"},"geometry":{"type":"MultiPolygon","coordinates":[[[[-46.14,-23.86],[-46.14,-23.87],[-46.15,-23.89],[-46.16,-23.91],[-46.17,-23.94],[-46.18,-23.96],[-46.2,-23.99],[-46.21,-23.99],[-46.26,-24.01],[-46.28,-24.03],[-46.28,-24.03],[-46.31,-24.02],[-46.32,-24.02],[-46.31,-24],[-46.32,-23.98],[-46.35,-23.97],[-46.37,-23.98],[-46.39,-23.98],[-46.39,-24],[-46.39,-24.02],[-46.4,-24.02],[-46.46,-24.02],[-46.78,-24.18],[-46.81,-24.2],[-46.88,-24.24],[-46.99,-24.32],[-47,-24.35],[-47.01,-24.39],[-47.01,-24.41],[-47.02,-24.42],[-47.09,-24.46],[-47.16,-24.5],[-47.19,-24.53],[-47.23,-24.56],[-47.24,-24.57],[-47.29,-24.6],[-47.4,-24.66],[-47.44,-24.7],[-47.54,-24.74],[-47.62,-24.79],[-47.65,-24.82],[-47.7,-24.86],[-47.87,-25.01],[-47.89,-25.04],[-47.9,-25.08],[-47.89,-25.11],[-47.92,-25.15],[-47.93,-25.16],[-47.97,-25.2],[-48.01,-25.23],[-48.1,-25.31],[-48.07,-25.27],[-48.03,-25.23],[-48.05,-25.23],[-48.06,-25.23],[-48.08,-25.24],[-48.11,-25.25],[-48.18,-25.21],[-48.17,-25.16],[-48.18,-25.14],[-48.19,-25.11],[-48.21,-25.08],[-48.21,-25.04],[-48.23,-25.01],[-48.23,-25],[-48.26,-24.99],[-48.28,-25.02],[-48.3,-25.03],[-48.33,-25.05],[-48.34,-25.04],[-48.35,-25.02],[-48.41,-24.98],[-48.48,-25.04],[-48.51,-25.08],[-48.54,-25.09],[-48.57,-25.06],[-48.58,-25.03],[-48.6,-25],[-48.58,-24.98],[-48.56,-24.95],[-48.57,-24.9],[-48.56,-24.9],[-48.55,-24.87],[-48.57,-24.85],[-48.56,-24.81],[-48.52,-24.77],[-48.5,-24.74],[-48.53,-24.74],[-48.54,-24.73],[-48.55,-24.71],[-48.57,-24.7],[-48.59,-24.68],[-48.62,-24.67],[-48.64,-24.68],[-48.67,-24.7],[-48.68,-24.67],[-48.69,-24.69],[-48.74,-24.69],[-48.77,-24.69],[-48.82,-24.66],[-48.84,-24.66],[-48.86,-24.67],[-48.91,-24.68],[-48.96,-24.67],[-48.98,-24.67],[-49.01,-24.66],[-49.03,-24.63],[-49.04,-24.65],[-49.07,-24.68],[-49.1,-24.68],[-49.13,-24.68],[-49.17,-24.67],[-49.21,-24.7],[-49.29,-24.67],[-49.3,-24.65],[-49.32,-24.64],[-49.31,-24.6],[-49.31,-24.58],[-49.31,-24.55],[-49.29,-24.51],[-49.27,-24.48],[-49.24,-24.46],[-49.25,-24.43],[-49.24,-24.41],[-49.24,-24.38],[-49.23,-24.33],[-49.29,-24.29],[-49.3,-24.28],[-49.31,-24.26],[-49.32,-24.24],[-49.34,-24.19],[-49.34,-24.14],[-49.37,-24.11],[-49.39,-24.11],[-49.42,-24.09],[-49.43,-24.07],[-49.45,-24.05],[-49.47,-24.03],[-49.49,-24.02],[-49.49,-24.01],[-49.49,-23.98],[-49.51,-23.96],[-49.52,-23.95],[-49.51,-23.93],[-49.55,-23.92],[-49.56,-23.91],[-49.57,-23.88],[-49.6,-23.87],[-49.6,-23.85],[-49.6,-23.84],[-49.58,-23.83],[-49.56,-23.79],[-49.56,-23.76],[-49.55,-23.74],[-49.56,-23.69],[-49.57,-23.69],[-49.58,-23.67],[-49.6,-23.65],[-49.61,-23.62],[-49.62,-23.61],[-49.6,-23.57],[-49.6,-23.54],[-49.63,-23.51],[-49.61,-23.49],[-49.6,-23.47],[-49.59,-23.44],[-49.58,-23.43],[-49.6,-23.4],[-49.61,-23.38],[-49.61,-23.35],[-49.63,-23.34],[-49.63,-23.29],[-49.65,-23.24],[-49.68,-23.17],[-49.7,-23.15],[-49.73,-23.11],[-49.76,-23.11],[-49.81,-23.09],[-49.82,-23.08],[-49.87,-23.07],[-49.91,-23.05],[-49.9,-23],[-49.97,-22.95],[-49.99,-22.9],[-50.02,-22.91],[-50.07,-22.93],[-50.11,-22.94],[-50.18,-22.95],[-50.23,-22.95],[-50.27,-22.93],[-50.31,-22.95],[-50.36,-22.92],[-50.42,-22.92],[-50.46,-22.94],[-50.52,-22.94],[-50.55,-22.91],[-50.65,-22.9],[-50.75,-22.96],[-50.8,-22.94],[-50.8,-22.89],[-50.83,-22.86],[-50.94,-22.8],[-51.06,-22.77],[-51.19,-22.73],[-51.28,-22.67],[-51.37,-22.66],[-51.45,-22.65],[-51.55,-22.69],[-51.66,-22.66],[-51.71,-22.67],[-51.75,-22.62],[-51.87,-22.63],[-51.94,-22.57],[-52.04,-22.54],[-52.09,-22.52],[-52.13,-22.53],[-52.16,-22.6],[-52.22,-22.67],[-52.25,-22.61],[-52.42,-22.61],[-52.48,-22.63],[-52.53,-22.62],[-52.6,-22.57],[-52.77,-22.61],[-52.87,-22.6],[-52.98,-22.57],[-53.05,-22.63],[-53.11,-22.61],[-53,-22.5],[-52.85,-22.44],[-52.69,-22.31],[-52.55,-22.24],[-52.48,-22.2],[-52.34,-22.06],[-52.26,-21.91],[-52.18,-21.82],[-52.1,-21.74],[-52.05,-21.64],[-52.1,-21.56],[-51.97,-21.5],[-51.92,-21.42],[-51.86,-21.3],[-51.88,-21.18],[-51.82,-21.13],[-51.77,-21.05],[-51.63,-20.95],[-51.63,-20.85],[-51.62,-20.78],[-51.58,-20.62],[-51.49,-20.55],[-51.41,-20.46],[-51.36,-20.38],[-51.31,-20.33],[-51.13,-20.29],[-51.05,-20.2],[-51,-20.1],[-50.94,-20.03],[-50.91,-19.99],[-50.85,-19.97],[-50.79,-19.94],[-50.62,-19.86],[-50.58,-19.82],[-50.51,-19.8],[-50.41,-19.8],[-50.35,-19.86],[-50.22,-19.87],[-50.1,-19.88],[-49.96,-19.92],[-49.83,-19.93],[-49.75,-19.92],[-49.57,-19.91],[-49.5,-19.92],[-49.36,-19.99],[-49.3,-19.96],[-49.25,-19.98],[-49.29,-20.01],[-49.27,-20.23],[-49.24,-20.29],[-49.13,-20.28],[-49.07,-20.15],[-48.99,-20.16],[-48.96,-20.28],[-48.89,-20.44],[-48.87,-20.38],[-48.87,-20.24],[-48.86,-20.18],[-48.73,-20.15],[-48.67,-20.16],[-48.59,-20.13],[-48.5,-20.14],[-48.38,-20.12],[-48.32,-20.11],[-48.27,-20.14],[-48.25,-20.09],[-48.23,-20.03],[-48.18,-20.1],[-48.12,-20.13],[-48.04,-20.12],[-47.99,-20.04],[-47.94,-20.09],[-47.88,-20.1],[-47.86,-20.05],[-47.85,-19.99],[-47.75,-19.99],[-47.67,-20.01],[-47.62,-20.04],[-47.55,-20],[-47.5,-19.97],[-47.47,-19.96],[-47.43,-20.01],[-47.41,-20.07],[-47.35,-20.1],[-47.26,-20.17],[-47.25,-20.26],[-47.28,-20.31],[-47.29,-20.33],[-47.29,-20.38],[-47.29,-20.39],[-47.29,-20.42],[-47.29,-20.43],[-47.27,-20.47],[-47.23,-20.49],[-47.15,-20.53],[-47.13,-20.59],[-47.11,-20.63],[-47.1,-20.67],[-47.11,-20.7],[-47.17,-20.71],[-47.18,-20.74],[-47.21,-20.79],[-47.24,-20.88],[-47.19,-20.93],[-47.16,-20.97],[-47.15,-21],[-47.15,-21.03],[-47.14,-21.08],[-47.11,-21.11],[-47.12,-21.17],[-47.1,-21.21],[-47.07,-21.21],[-47.06,-21.24],[-47.04,-21.29],[-47.03,-21.31],[-47,-21.35],[-47.01,-21.39],[-47.01,-21.42],[-46.98,-21.42],[-46.96,-21.42],[-46.93,-21.42],[-46.92,-21.42],[-46.89,-21.42],[-46.86,-21.4],[-46.84,-21.39],[-46.8,-21.37],[-46.78,-21.37],[-46.76,-21.37],[-46.72,-21.39],[-46.69,-21.38],[-46.65,-21.37],[-46.64,-21.4],[-46.62,-21.43],[-46.59,-21.43],[-46.55,-21.44],[-46.52,-21.45],[-46.51,-21.49],[-46.52,-21.52],[-46.51,-21.56],[-46.52,-21.6],[-46.55,-21.63],[-46.57,-21.68],[-46.63,-21.7],[-46.63,-21.74],[-46.64,-21.77],[-46.67,-21.81],[-46.68,-21.85],[-46.65,-21.9],[-46.66,-21.94],[-46.63,-21.98],[-46.61,-22.01],[-46.65,-22.01],[-46.68,-22.02],[-46.66,-22.06],[-46.71,-22.08],[-46.72,-22.09],[-46.66,-22.09],[-46.62,-22.11],[-46.61,-22.15],[-46.66,-22.18],[-46.68,-22.22],[-46.69,-22.25],[-46.7,-22.28],[-46.72,-22.31],[-46.71,-22.32],[-46.7,-22.34],[-46.69,-22.35],[-46.67,-22.37],[-46.67,-22.41],[-46.63,-22.44],[-46.6,-22.44],[-46.57,-22.45],[-46.55,-22.46],[-46.53,-22.48],[-46.49,-22.51],[-46.45,-22.53],[-46.42,-22.54],[-46.43,-22.58],[-46.42,-22.6],[-46.41,-22.64],[-46.41,-22.67],[-46.42,-22.66],[-46.45,-22.67],[-46.48,-22.69],[-46.47,-22.7],[-46.44,-22.73],[-46.42,-22.73],[-46.38,-22.74],[-46.33,-22.76],[-46.36,-22.79],[-46.37,-22.84],[-46.38,-22.87],[-46.35,-22.9],[-46.31,-22.89],[-46.26,-22.89],[-46.19,-22.86],[-46.14,-22.89],[-46.12,-22.91],[-46.05,-22.9],[-45.99,-22.87],[-45.95,-22.85],[-45.92,-22.83],[-45.89,-22.84],[-45.88,-22.87],[-45.86,-22.85],[-45.84,-22.83],[-45.81,-22.83],[-45.77,-22.85],[-45.75,-22.79],[-45.73,-22.81],[-45.73,-22.8],[-45.72,-22.78],[-45.72,-22.75],[-45.73,-22.72],[-45.82,-22.72],[-45.78,-22.68],[-45.75,-22.67],[-45.72,-22.66],[-45.72,-22.62],[-45.73,-22.59],[-45.69,-22.58],[-45.66,-22.6],[-45.67,-22.65],[-45.59,-22.62],[-45.56,-22.61],[-45.58,-22.65],[-45.55,-22.65],[-45.51,-22.64],[-45.48,-22.59],[-45.44,-22.61],[-45.41,-22.63],[-45.37,-22.64],[-45.33,-22.62],[-45.26,-22.6],[-45.22,-22.56],[-45.17,-22.53],[-45.12,-22.49],[-45.06,-22.47],[-45.01,-22.47],[-44.96,-22.47],[-44.86,-22.42],[-44.81,-22.41],[-44.78,-22.41],[-44.74,-22.43],[-44.72,-22.47],[-44.71,-22.51],[-44.69,-22.52],[-44.67,-22.55],[-44.65,-22.58],[-44.61,-22.62],[-44.59,-22.62],[-44.56,-22.61],[-44.54,-22.63],[-44.52,-22.63],[-44.48,-22.6],[-44.45,-22.61],[-44.42,-22.6],[-44.41,-22.59],[-44.36,-22.58],[-44.36,-22.61],[-44.35,-22.59],[-44.32,-22.6],[-44.3,-22.6],[-44.27,-22.6],[-44.23,-22.61],[-44.2,-22.61],[-44.18,-22.64],[-44.16,-22.68],[-44.17,-22.69],[-44.19,-22.71],[-44.22,-22.73],[-44.25,-22.76],[-44.25,-22.79],[-44.26,-22.81],[-44.32,-22.84],[-44.35,-22.85],[-44.4,-22.85],[-44.44,-22.87],[-44.48,-22.87],[-44.49,-22.85],[-44.53,-22.87],[-44.6,-22.89],[-44.64,-22.91],[-44.69,-22.94],[-44.75,-22.96],[-44.76,-22.98],[-44.8,-23],[-44.8,-23.02],[-44.81,-23.05],[-44.82,-23.09],[-44.82,-23.11],[-44.82,-23.13],[-44.82,-23.16],[-44.85,-23.17],[-44.88,-23.2],[-44.89,-23.22],[-44.84,-23.26],[-44.83,-23.29],[-44.78,-23.32],[-44.76,-23.34],[-44.73,-23.36],[-44.75,-23.37],[-44.79,-23.37],[-44.81,-23.38],[-44.84,-23.39],[-44.87,-23.36],[-44.89,-23.35],[-44.9,-23.34],[-44.92,-23.35],[-44.95,-23.38],[-44.97,-23.39],[-44.98,-23.4],[-45.01,-23.41],[-45.04,-23.42],[-45.05,-23.42],[-45.07,-23.44],[-45.04,-23.45],[-45.03,-23.46],[-45.06,-23.47],[-45.07,-23.49],[-45.08,-23.52],[-45.08,-23.5],[-45.11,-23.5],[-45.11,-23.51],[-45.12,-23.52],[-45.14,-23.5],[-45.17,-23.49],[-45.17,-23.53],[-45.17,-23.54],[-45.2,-23.52],[-45.22,-23.56],[-45.21,-23.57],[-45.23,-23.58],[-45.26,-23.6],[-45.28,-23.59],[-45.29,-23.58],[-45.33,-23.59],[-45.36,-23.62],[-45.38,-23.63],[-45.41,-23.62],[-45.43,-23.66],[-45.43,-23.69],[-45.41,-23.72],[-45.4,-23.74],[-45.4,-23.78],[-45.4,-23.81],[-45.41,-23.82],[-45.44,-23.83],[-45.47,-23.82],[-45.5,-23.84],[-45.54,-23.82],[-45.55,-23.8],[-45.61,-23.8],[-45.64,-23.78],[-45.66,-23.79],[-45.68,-23.78],[-45.7,-23.78],[-45.73,-23.77],[-45.76,-23.76],[-45.8,-23.77],[-45.82,-23.76],[-45.89,-23.76],[-45.99,-23.8],[-46.03,-23.81],[-46.04,-23.83],[-46.06,-23.81],[-46.13,-23.86],[-46.14,-23.86]]],[[[-45.32,-23.91],[-45.34,-23.92],[-45.36,-23.93],[-45.4,-23.93],[-45.44,-23.93],[-45.46,-23.9],[-45.45,-23.88],[-45.43,-23.87],[-45.41,-23.85],[-45.38,-23.82],[-45.36,-23.79],[-45.35,-23.77],[-45.35,-23.74],[-45.31,-23.73],[-45.29,-23.74],[-45.26,-23.75],[-45.25,-23.76],[-45.23,-23.79],[-45.24,-23.81],[-45.25,-23.82],[-45.24,-23.84],[-45.25,-23.84],[-45.28,-23.84],[-45.29,-23.87],[-45.28,-23.88],[-45.25,-23.9],[-45.23,-23.91],[-45.23,-23.93],[-45.23,-23.95],[-45.27,-23.96],[-45.28,-23.94],[-45.29,-23.91],[-45.32,-23.91]]],[[[-45.08,-23.54],[-45.04,-23.53],[-45.08,-23.56],[-45.08,-23.53],[-45.08,-23.54]]],[[[-45.14,-23.8],[-45.16,-23.81],[-45.14,-23.8]]],[[[-45.16,-23.57],[-45.15,-23.57],[-45.16,-23.57]]],[[[-45.02,-23.76],[-45.02,-23.76]]],[[[-45.78,-23.87],[-45.78,-23.86],[-45.78,-23.87]]],[[[-45.29,-23.6],[-45.3,-23.6],[-45.29,-23.6]]],[[[-45.02,-23.75],[-45.02,-23.75]]],[[[-45.73,-23.8]]],[[[-45.53,-23.85]]],[[[-46.91,-24.39]]],[[[-46.91,-24.37]]],[[[-45.03,-23.55]]],[[[-44.85,-23.4]]],[[[-44.95,-23.39]]],[[[-46.98,-24.37]]],[[[-47.91,-25.17]]],[[[-45.23,-23.81]]],[[[-45.33,-23.92]]],[[[-45.71,-23.79]]],[[[-45.28,-23.85]]],[[[-45.3,-23.92]]],[[[-45.16,-23.83]]],[[[-45.67,-23.8]]]]}},{"type":"Feature","properties":{"sigla":"TO","name":"Tocantins"},"geometry":{"type":"MultiPolygon","coordinates":[[[[-47.03,-8.98],[-47.07,-9.01],[-47.04,-9.03],[-47.06,-9.05],[-47.05,-9.07],[-47.01,-9.07],[-47,-9.08],[-46.91,-9.08],[-46.92,-9.1],[-46.93,-9.13],[-46.89,-9.13],[-46.85,-9.18],[-46.83,-9.19],[-46.82,-9.27],[-46.84,-9.3],[-46.78,-9.35],[-46.77,-9.4],[-46.72,-9.4],[-46.67,-9.39],[-46.64,-9.42],[-46.61,-9.46],[-46.56,-9.48],[-46.56,-9.53],[-46.58,-9.58],[-46.61,-9.65],[-46.64,-9.74],[-46.57,-9.78],[-46.49,-9.83],[-46.49,-9.86],[-46.47,-9.9],[-46.48,-9.95],[-46.46,-10.05],[-46.38,-10.12],[-46.31,-10.17],[-46.19,-10.18],[-46.03,-10.18],[-45.97,-10.25],[-45.79,-10.27],[-45.73,-10.16],[-45.71,-10.19],[-45.72,-10.32],[-45.83,-10.37],[-45.83,-10.44],[-45.9,-10.46],[-45.98,-10.53],[-46.02,-10.54],[-46.08,-10.61],[-46.16,-10.62],[-46.21,-10.66],[-46.25,-10.76],[-46.28,-10.82],[-46.28,-10.9],[-46.36,-10.96],[-46.41,-11.03],[-46.5,-11.21],[-46.61,-11.28],[-46.59,-11.36],[-46.53,-11.42],[-46.52,-11.48],[-46.47,-11.52],[-46.4,-11.54],[-46.31,-11.54],[-46.22,-11.58],[-46.14,-11.61],[-46.09,-11.63],[-46.15,-11.66],[-46.26,-11.62],[-46.31,-11.64],[-46.31,-11.7],[-46.35,-11.75],[-46.33,-11.8],[-46.35,-11.83],[-46.37,-11.85],[-46.32,-11.9],[-46.21,-11.9],[-46.17,-11.91],[-46.33,-11.96],[-46.37,-12.02],[-46.38,-12.05],[-46.38,-12.09],[-46.37,-12.13],[-46.38,-12.17],[-46.38,-12.2],[-46.37,-12.24],[-46.37,-12.28],[-46.33,-12.3],[-46.35,-12.33],[-46.31,-12.36],[-46.3,-12.42],[-46.26,-12.42],[-46.25,-12.49],[-46.15,-12.48],[-46.19,-12.53],[-46.28,-12.58],[-46.26,-12.65],[-46.29,-12.7],[-46.28,-12.75],[-46.28,-12.78],[-46.27,-12.84],[-46.3,-12.91],[-46.28,-12.93],[-46.13,-12.91],[-46.18,-12.94],[-46.24,-12.96],[-46.32,-12.98],[-46.37,-12.98],[-46.37,-12.94],[-46.37,-12.9],[-46.37,-12.88],[-46.38,-12.85],[-46.41,-12.84],[-46.42,-12.86],[-46.45,-12.96],[-46.82,-13],[-46.84,-13.03],[-46.85,-13.06],[-46.87,-13.06],[-46.9,-13.07],[-46.94,-13.1],[-46.98,-13.13],[-47,-13.13],[-47.04,-13.15],[-47.05,-13.16],[-47.08,-13.16],[-47.09,-13.17],[-47.11,-13.18],[-47.13,-13.19],[-47.17,-13.21],[-47.21,-13.19],[-47.25,-13.22],[-47.27,-13.25],[-47.29,-13.26],[-47.34,-13.25],[-47.38,-13.23],[-47.4,-13.26],[-47.45,-13.24],[-47.47,-13.23],[-47.5,-13.19],[-47.53,-13.19],[-47.57,-13.12],[-47.63,-13.1],[-47.65,-13.14],[-47.65,-13.15],[-47.65,-13.18],[-47.66,-13.2],[-47.66,-13.21],[-47.66,-13.23],[-47.65,-13.27],[-47.66,-13.32],[-47.63,-13.39],[-47.65,-13.41],[-47.68,-13.46],[-47.84,-13.32],[-47.89,-13.32],[-47.9,-13.3],[-47.94,-13.31],[-47.97,-13.3],[-48.02,-13.28],[-48.03,-13.25],[-48.06,-13.24],[-48.07,-13.27],[-48.08,-13.28],[-48.11,-13.29],[-48.16,-13.3],[-48.16,-13.25],[-48.16,-13.21],[-48.15,-13.16],[-48.16,-13.16],[-48.21,-13.17],[-48.25,-13.18],[-48.26,-13.2],[-48.28,-13.2],[-48.29,-13.21],[-48.31,-13.23],[-48.33,-13.23],[-48.34,-13.25],[-48.37,-13.25],[-48.39,-13.27],[-48.4,-13.27],[-48.43,-13.27],[-48.45,-13.28],[-48.46,-13.26],[-48.47,-13.24],[-48.47,-13.2],[-48.48,-13.13],[-48.51,-13.13],[-48.53,-13.19],[-48.55,-13.23],[-48.56,-13.27],[-48.58,-13.31],[-48.59,-13.25],[-48.58,-13.22],[-48.58,-13.18],[-48.6,-13.15],[-48.59,-13.11],[-48.6,-13.08],[-48.6,-13.06],[-48.64,-13.03],[-48.66,-13.01],[-48.69,-13],[-48.71,-13],[-48.73,-12.96],[-48.75,-12.92],[-48.79,-12.88],[-48.81,-12.87],[-48.82,-12.85],[-48.84,-12.84],[-48.86,-12.81],[-48.87,-12.82],[-48.98,-12.95],[-49.02,-12.91],[-49.06,-12.91],[-49.08,-12.88],[-49.07,-12.85],[-49.11,-12.82],[-49.15,-12.82],[-49.19,-12.86],[-49.22,-12.88],[-49.25,-12.9],[-49.26,-12.94],[-49.28,-12.99],[-49.35,-13.11],[-49.35,-13.15],[-49.34,-13.2],[-49.34,-13.25],[-49.82,-13.02],[-49.94,-12.96],[-49.99,-12.95],[-50.04,-12.93],[-50.08,-12.91],[-50.13,-12.9],[-50.17,-12.9],[-50.2,-12.89],[-50.21,-12.88],[-50.23,-12.86],[-50.25,-12.85],[-50.26,-12.85],[-50.28,-12.84],[-50.31,-12.8],[-50.3,-12.76],[-50.29,-12.74],[-50.29,-12.7],[-50.29,-12.68],[-50.27,-12.68],[-50.26,-12.63],[-50.25,-12.6],[-50.2,-12.56],[-50.21,-12.56],[-50.22,-12.49],[-50.16,-12.44],[-50.17,-12.42],[-50.2,-12.42],[-50.21,-12.44],[-50.25,-12.46],[-50.29,-12.49],[-50.31,-12.52],[-50.34,-12.53],[-50.36,-12.54],[-50.37,-12.56],[-50.39,-12.59],[-50.41,-12.61],[-50.43,-12.64],[-50.43,-12.66],[-50.44,-12.68],[-50.46,-12.7],[-50.47,-12.74],[-50.47,-12.75],[-50.49,-12.8],[-50.49,-12.83],[-50.52,-12.84],[-50.58,-12.8],[-50.63,-12.81],[-50.63,-12.78],[-50.63,-12.7],[-50.65,-12.67],[-50.7,-12.63],[-50.68,-12.6],[-50.68,-12.56],[-50.65,-12.48],[-50.62,-12.43],[-50.64,-12.35],[-50.63,-12.27],[-50.68,-12.22],[-50.68,-12.15],[-50.67,-12.07],[-50.69,-12.03],[-50.68,-11.99],[-50.66,-11.94],[-50.64,-11.9],[-50.69,-11.86],[-50.7,-11.8],[-50.72,-11.73],[-50.66,-11.62],[-50.68,-11.58],[-50.74,-11.45],[-50.71,-11.36],[-50.7,-11.3],[-50.66,-11.25],[-50.66,-11.16],[-50.61,-11.08],[-50.62,-11],[-50.63,-10.94],[-50.61,-10.87],[-50.61,-10.8],[-50.58,-10.73],[-50.59,-10.69],[-50.55,-10.61],[-50.52,-10.55],[-50.49,-10.49],[-50.44,-10.38],[-50.4,-10.28],[-50.4,-10.16],[-50.36,-10.09],[-50.29,-10.02],[-50.28,-9.95],[-50.22,-9.85],[-50.22,-9.83],[-50.16,-9.71],[-50.15,-9.67],[-50.13,-9.62],[-50.09,-9.55],[-50.11,-9.5],[-50.06,-9.34],[-50.01,-9.27],[-49.91,-9.17],[-49.87,-9.1],[-49.79,-8.98],[-49.74,-8.9],[-49.59,-8.83],[-49.54,-8.76],[-49.46,-8.63],[-49.39,-8.48],[-49.29,-8.39],[-49.22,-8.21],[-49.21,-8.12],[-49.18,-8.05],[-49.17,-7.95],[-49.16,-7.83],[-49.2,-7.77],[-49.25,-7.74],[-49.38,-7.57],[-49.26,-7.36],[-49.22,-7.3],[-49.19,-7.13],[-49.21,-6.98],[-49.19,-6.92],[-49.12,-6.87],[-49.03,-6.8],[-48.85,-6.75],[-48.77,-6.73],[-48.65,-6.65],[-48.65,-6.52],[-48.56,-6.41],[-48.52,-6.37],[-48.42,-6.36],[-48.38,-6.33],[-48.42,-6.29],[-48.44,-6.19],[-48.39,-6.15],[-48.3,-6.11],[-48.33,-6.04],[-48.31,-5.97],[-48.24,-5.95],[-48.29,-5.84],[-48.28,-5.73],[-48.16,-5.68],[-48.18,-5.57],[-48.23,-5.55],[-48.33,-5.49],[-48.33,-5.48],[-48.36,-5.42],[-48.4,-5.4],[-48.5,-5.43],[-48.63,-5.41],[-48.72,-5.37],[-48.74,-5.35],[-48.69,-5.31],[-48.64,-5.32],[-48.57,-5.27],[-48.54,-5.2],[-48.36,-5.17],[-48.24,-5.23],[-48.18,-5.26],[-48.05,-5.27],[-47.98,-5.24],[-47.89,-5.26],[-47.84,-5.38],[-47.74,-5.38],[-47.56,-5.46],[-47.48,-5.6],[-47.49,-5.72],[-47.44,-5.83],[-47.44,-6.01],[-47.42,-6.18],[-47.41,-6.33],[-47.42,-6.4],[-47.43,-6.5],[-47.47,-6.61],[-47.5,-6.7],[-47.52,-6.84],[-47.53,-6.98],[-47.62,-7.09],[-47.67,-7.15],[-47.75,-7.17],[-47.67,-7.26],[-47.61,-7.28],[-47.48,-7.32],[-47.57,-7.41],[-47.53,-7.43],[-47.49,-7.49],[-47.47,-7.53],[-47.43,-7.54],[-47.42,-7.56],[-47.39,-7.6],[-47.39,-7.63],[-47.35,-7.65],[-47.37,-7.62],[-47.31,-7.66],[-47.33,-7.67],[-47.3,-7.7],[-47.31,-7.71],[-47.32,-7.72],[-47.28,-7.73],[-47.26,-7.75],[-47.26,-7.76],[-47.25,-7.79],[-47.25,-7.8],[-47.25,-7.81],[-47.23,-7.82],[-47.21,-7.83],[-47.2,-7.84],[-47.2,-7.85],[-47.19,-7.86],[-47.18,-7.86],[-47.14,-7.89],[-47.13,-7.92],[-47.11,-7.95],[-47.11,-7.95],[-47.11,-7.97],[-47.11,-7.99],[-47.06,-8.03],[-47.05,-8.04],[-47.02,-8.06],[-47,-8.07],[-46.96,-8.04],[-46.95,-8.01],[-46.92,-7.99],[-46.9,-7.99],[-46.87,-7.96],[-46.85,-7.96],[-46.84,-7.96],[-46.81,-7.95],[-46.79,-7.95],[-46.77,-7.94],[-46.76,-7.92],[-46.73,-7.92],[-46.71,-7.91],[-46.67,-7.91],[-46.64,-7.91],[-46.59,-7.91],[-46.57,-7.91],[-46.54,-7.95],[-46.49,-8],[-46.48,-8.05],[-46.49,-8.1],[-46.5,-8.18],[-46.51,-8.23],[-46.54,-8.31],[-46.58,-8.33],[-46.66,-8.33],[-46.71,-8.35],[-46.74,-8.38],[-46.79,-8.38],[-46.79,-8.4],[-46.8,-8.44],[-46.83,-8.46],[-46.85,-8.5],[-46.84,-8.52],[-46.86,-8.55],[-46.88,-8.56],[-46.89,-8.58],[-46.9,-8.59],[-46.91,-8.6],[-46.9,-8.61],[-46.91,-8.62],[-46.91,-8.65],[-46.9,-8.66],[-46.9,-8.69],[-46.92,-8.73],[-46.91,-8.76],[-46.91,-8.8],[-46.91,-8.83],[-46.92,-8.84],[-46.97,-8.87],[-46.99,-8.9],[-46.98,-8.93],[-47.01,-8.95],[-47.02,-8.98],[-47.03,-8.98]]]]}},{"type":"Feature","properties":{"sigla":"DF","name":"Distrito Federal"},"geometry":{"type":"MultiPolygon","coordinates":[[[[-47.31,-16.04],[-47.43,-16.05],[-47.81,-16.05],[-48.16,-16.05],[-48.27,-16.01],[-48.26,-15.96],[-48.26,-15.93],[-48.28,-15.91],[-48.28,-15.87],[-48.27,-15.81],[-48.23,-15.77],[-48.22,-15.71],[-48.21,-15.62],[-48.05,-15.5],[-47.46,-15.5],[-47.4,-15.55],[-47.37,-15.58],[-47.32,-15.59],[-47.33,-15.65],[-47.32,-15.69],[-47.32,-15.72],[-47.31,-15.75],[-47.33,-15.78],[-47.35,-15.8],[-47.35,-15.82],[-47.37,-15.84],[-47.37,-15.86],[-47.37,-15.91],[-47.36,-15.93],[-47.37,-15.94],[-47.37,-15.97],[-47.37,-15.99],[-47.35,-16.01],[-47.34,-16.02],[-47.32,-16.03],[-47.31,-16.04]]]]}}]}